,Start,neighbour
0,Machelen,Zemst
1,Machelen,Brussel
2,Zemst,Mechelen
3,Zemst,Machelen
4,Mechelen,Rumst
5,Mechelen,Zemst
6,Rumst,Kontich
7,Rumst,Mechelen
8,Kontich,Wilrijk
9,Kontich,Rumst
10,Wilrijk,Antwerpen
11,Wilrijk,Kontich
12,Antwerpen,Brecht
13,Antwerpen,Wilrijk
14,Brecht,Loenhout
15,Brecht,Antwerpen
16,Loenhout,Meer
17,Loenhout,Brecht
18,Meer,Loenhout
19,,A2:
20,,Meer
21,Leuven,Winksele
22,Winksele,Herent
23,Winksele,Leuven
24,Herent,Wilsele
25,Herent,Winksele
26,Wilsele,Holsbeek
27,Wilsele,Herent
28,Holsbeek,Aarshot
29,Holsbeek,Wilsele
30,Aarshot,Bekkevoort
31,Aarshot,Holsbeek
32,Bekkevoort,Diest
33,Bekkevoort,Aarshot
34,Diest,Lummen
35,Diest,Bekkevoort
36,Lummen,Genk
37,Lummen,Diest
38,Genk,Maasmechelen
39,Genk,Lummen
40,Maasmechelen,Genk
41,,A3:
42,,Maasmechelen
43,Brussel,Evere
44,Evere,Kraainem
45,Evere,Brussel
46,Kraainem,Sterrebeek
47,Kraainem,Evere
48,Sterrebeek,Bertem
49,Sterrebeek,Kraainem
50,Bertem,Heverlee
51,Bertem,Sterrebeek
52,Heverlee,Leuven
53,Heverlee,Bertem
54,Leuven,Tienen
55,Leuven,Heverlee
56,Tienen,Lincent
57,Tienen,Leuven
58,Lincent,Landen
59,Lincent,Tienen
60,Landen,Berloz
61,Landen,Lincent
62,Berloz,Crisnee
63,Berloz,Landen
64,Crisnee,Luik
65,Crisnee,Berloz
66,Luik,Herstal
67,Luik,Crisnee
68,Herstal,Barchon
69,Herstal,Luik
70,Barchon,Herve
71,Barchon,Herstal
72,Herve,Eupen
73,Herve,Barchon
74,Eupen,Herve
75,,A4:
76,,Eupen
77,Brussel,Overijse
78,Overijse,Rosieres
79,Overijse,Brussel
80,Rosieres,Bierges
81,Rosieres,Overijse
82,Bierges,Wavre
83,Bierges,Rosieres
84,Wavre,Louvranges
85,Wavre,Bierges
86,Louvranges,Louvain-la-Neuve
87,Louvranges,Wavre
88,Louvain-la-Neuve,Walhain
89,Louvain-la-Neuve,Louvranges
90,Walhain,Eghezee
91,Walhain,Louvain-la-Neuve
92,Eghezee,Namen
93,Eghezee,Walhain
94,Namen,Wierde
95,Namen,Eghezee
96,Wierde,Courriere
97,Wierde,Namen
98,Courriere,Spontin
99,Courriere,Wierde
100,Spontin,Achene
101,Spontin,Courriere
102,Achene,Custinne
103,Achene,Spontin
104,Custinne,Rochefort
105,Custinne,Achene
106,Rochefort,Lavaux-Sainte-Anne
107,Rochefort,Custinne
108,Lavaux-Sainte-Anne,Wellin
109,Lavaux-Sainte-Anne,Rochefort
110,Wellin,Tellin
111,Wellin,Lavaux-Sainte-Anne
112,Tellin,Transinne
113,Tellin,Wellin
114,Transinne,Verlaine
115,Transinne,Tellin
116,Verlaine,Longlier
117,Verlaine,Transinne
118,Longlier,Leglise
119,Longlier,Verlaine
120,Leglise,Rulles
121,Leglise,Longlier
122,Rulles,Habay
123,Rulles,Leglise
124,Habay,Stockem
125,Habay,Rulles
126,Stockem,Aarlen
127,Stockem,Habay
128,Aarlen,Weyler
129,Aarlen,Stockem
130,Weyler,Sterpenich
131,Weyler,Aarlen
132,Sterpenich,Weyler
133,,A7:
134,,Sterpenich
135,Itter,Nijvel
136,Nijvel,Felluy
137,Nijvel,Itter
138,Felluy,Besonrieux
139,Felluy,Nijvel
140,Besonrieux,Le Roeulx
141,Besonrieux,Felluy
142,Le Roeulx,La Louviere
143,Le Roeulx,Besonrieux
144,La Louviere,Thieu
145,La Louviere,Le Roeulx
146,Thieu,Obourg
147,Thieu,La Louviere
148,Obourg,Nimy
149,Obourg,Thieu
150,Nimy,Bergen
151,Nimy,Obourg
152,Bergen,Jemappes
153,Bergen,Nimy
154,Jemappes,Sint-Ghislain
155,Jemappes,Bergen
156,Sint-Ghislain,Dour
157,Sint-Ghislain,Jemappes
158,Dour,Sint-Ghislain
159,,A8:
160,,Dour
161,Halle,Lembeek
162,Lembeek,Tubeke
163,Lembeek,Halle
164,Tubeke,Bierk
165,Tubeke,Lembeek
166,Bierk,Hove
167,Bierk,Tubeke
168,Hove,Edingen
169,Hove,Bierk
170,Edingen,Mark
171,Edingen,Hove
172,Mark,Zullik
173,Mark,Edingen
174,Zullik,Lessen
175,Zullik,Mark
176,Lessen,Aat
177,Lessen,Zullik
178,Aat,Frasnes
179,Aat,Lessen
180,Frasnes,Doornik
181,Frasnes,Aat
182,Doornik,Blandian
183,Doornik,Frasnes
184,Blandian,Doornik
185,,A10:
186,,Blandian
187,Brussel,Sint-Agatha-Berchem
188,Sint-Agatha-Berchem,Ternat
189,Sint-Agatha-Berchem,Brussel
190,Ternat,Affligem
191,Ternat,Sint-Agatha-Berchem
192,Affligem,Aalst
193,Affligem,Ternat
194,Aalst,Erpe-Mere
195,Aalst,Affligem
196,Erpe-Mere,Wetteren
197,Erpe-Mere,Aalst
198,Wetteren,Gent
199,Wetteren,Erpe-Mere
200,Gent,Merelbeke
201,Gent,Wetteren
202,Merelbeke,Drongen
203,Merelbeke,Gent
204,Drongen,Nevele
205,Drongen,Merelbeke
206,Nevele,Aalter
207,Nevele,Drongen
208,Aalter,Beernem
209,Aalter,Nevele
210,Beernem,Oostkamp
211,Beernem,Aalter
212,Oostkamp,Brugge
213,Oostkamp,Beernem
214,Brugge,Loppem
215,Brugge,Oostkamp
216,Loppem,Jabbeke
217,Loppem,Brugge
218,Jabbeke,Oudenburg
219,Jabbeke,Loppem
220,Oudenburg,Zandvoorde
221,Oudenburg,Jabbeke
222,Zandvoorde,Oostende
223,Zandvoorde,Oudenburg
224,Oostende,Zandvoorde
225,,A11:
226,,Oostende
227,Antwerpen,Melsele
228,Melsele,Beveren
229,Melsele,Antwerpen
230,Beveren,Vrasene
231,Beveren,Melsele
232,Vrasene,Kemzeke
233,Vrasene,Beveren
234,Kemzeke,Moerbeke
235,Kemzeke,Vrasene
236,Moerbeke,Zelzate
237,Moerbeke,Kemzeke
238,Zelzate,Knokke-Heist
239,Zelzate,Moerbeke
240,Knokke-Heist,Brugge
241,Knokke-Heist,Zelzate
242,Brugge,Knokke-Heist
243,,A12:
244,,Brugge
245,Brussel,Laken
246,Laken,Meise
247,Laken,Brussel
248,Meise,Breendonk
249,Meise,Laken
250,Breendonk,Willebroek
251,Breendonk,Meise
252,Willebroek,Boom
253,Willebroek,Breendonk
254,Boom,Wilrijk
255,Boom,Willebroek
256,Wilrijk,Antwerpen
257,Wilrijk,Boom
258,Antwerpen,Ekeren
259,Antwerpen,Wilrijk
260,Ekeren,Leugenberg
261,Ekeren,Antwerpen
262,Leugenberg,Hoevenen
263,Leugenberg,Ekeren
264,Hoevenen,Stabroek
265,Hoevenen,Leugenberg
266,Stabroek,Berendrecht
267,Stabroek,Hoevenen
268,Berendrecht,Zandvliet
269,Berendrecht,Stabroek
270,Zandvliet,Berendrecht
271,,A13:
272,,Zandvliet
273,Antwerpen,Borgerhout
274,Borgerhout,Wommelgem
275,Borgerhout,Antwerpen
276,Wommelgem,Massenhoven
277,Wommelgem,Borgerhout
278,Massenhoven,Herentals
279,Massenhoven,Wommelgem
280,Herentals,Geel
281,Herentals,Massenhoven
282,Geel,Ham
283,Geel,Herentals
284,Ham,Tessenderloo
285,Ham,Geel
286,Tessenderloo,Beringen
287,Tessenderloo,Ham
288,Beringen,Lummen
289,Beringen,Tessenderloo
290,Lummen,Hasselt
291,Lummen,Beringen
292,Hasselt,Diepenbeek
293,Hasselt,Lummen
294,Diepenbeek,Tonegeren
295,Diepenbeek,Hasselt
296,Tonegeren,Boirs
297,Tonegeren,Diepenbeek
298,Boirs,Liers
299,Boirs,Tonegeren
300,Liers,Vottem
301,Liers,Boirs
302,Vottem,Luik
303,Vottem,Liers
304,Luik,Vottem
305,,A14:
306,,Luik
307,Antwerpen,Zwijndrecht
308,Zwijndrecht,Kruilbeke
309,Zwijndrecht,Antwerpen
310,Kruilbeke,Haasdonk
311,Kruilbeke,Zwijndrecht
312,Haasdonk,Sint-Niklaas
313,Haasdonk,Kruilbeke
314,Sint-Niklaas,Waasmunster
315,Sint-Niklaas,Haasdonk
316,Waasmunster,Lokeren
317,Waasmunster,Sint-Niklaas
318,Lokeren,Beervelde
319,Lokeren,Waasmunster
320,Beervelde,Gentbrugge
321,Beervelde,Lokeren
322,Gentbrugge,Gent
323,Gentbrugge,Beervelde
324,Gent,De Pinte
325,Gent,Gentbrugge
326,De Pinte,Deinze
327,De Pinte,Gent
328,Deinze,Kruihouten
329,Deinze,De Pinte
330,Kruihouten,Waregem
331,Kruihouten,Deinze
332,Waregem,Deerlijk
333,Waregem,Kruihouten
334,Deerlijk,Kortrijk
335,Deerlijk,Waregem
336,Kortrijk,Aalbeke
337,Kortrijk,Deerlijk
338,Aalbeke,Moeskroen
339,Aalbeke,Kortrijk
340,Moeskroen,Aalbeke
341,,A15:
342,,Moeskroen
343,La Louviere,Manage
344,Manage,Courcelles
345,Manage,La Louviere
346,Courcelles,Gosselies
347,Courcelles,Manage
348,Gosselies,Charleroi
349,Gosselies,Courcelles
350,Charleroi,Fleurus
351,Charleroi,Gosselies
352,Fleurus,Sambreville
353,Fleurus,Charleroi
354,Sambreville,Spy
355,Sambreville,Fleurus
356,Spy,Namen
357,Spy,Sambreville
358,Namen,Fernelmont
359,Namen,Spy
360,Fernelmont,Hingeon
361,Fernelmont,Namen
362,Hingeon,Andenne
363,Hingeon,Fernelmont
364,Andenne,Huy
365,Andenne,Hingeon
366,Huy,Villers-le-Bouillet
367,Huy,Andenne
368,Villers-le-Bouillet,Saint-Georges
369,Villers-le-Bouillet,Huy
370,Saint-Georges,Flemalle
371,Saint-Georges,Villers-le-Bouillet
372,Flemalle,Luik
373,Flemalle,Saint-Georges
374,Luik,Flemalle
375,,A16:
376,,Luik
377,Doornik,Antoing
378,Antoing,Maubray
379,Antoing,Doornik
380,Maubray,Peruwelz
381,Maubray,Antoing
382,Peruwelz,Blaton
383,Peruwelz,Maubray
384,Blaton,Bernissart
385,Blaton,Peruwelz
386,Bernissart,Pommeroeul
387,Bernissart,Blaton
388,Pommeroeul,Hautrage
389,Pommeroeul,Bernissart
390,Hautrage,Pommeroeul
391,,A17:
392,,Hautrage
393,Brugge,Ruddervoorde
394,Ruddervoorde,Torhout
395,Ruddervoorde,Brugge
396,Torhout,Lichtervelde
397,Torhout,Ruddervoorde
398,Lichtervelde,Roeselare
399,Lichtervelde,Torhout
400,Roeselare,Kortrijk
401,Roeselare,Lichtervelde
402,Kortrijk,Wevelgem
403,Kortrijk,Roeselare
404,Wevelgem,Moeskroen
405,Wevelgem,Kortrijk
406,Moeskroen,Dottenijs
407,Moeskroen,Wevelgem
408,Dottenijs,Estaimpuis
409,Dottenijs,Moeskroen
410,Estaimpuis,Doornik
411,Estaimpuis,Dottenijs
412,Doornik,Estaimpuis
413,,A18:
414,,Doornik
415,Brugge,Jabbeke
416,Jabbeke,Gistel
417,Jabbeke,Brugge
418,Gistel,Middelkerke
419,Gistel,Jabbeke
420,Middelkerke,Nieuwpoort
421,Middelkerke,Gistel
422,Nieuwpoort,Oostduinkerke
423,Nieuwpoort,Middelkerke
424,Oostduinkerke,Veurne
425,Oostduinkerke,Nieuwpoort
426,Veurne,Adinkerke
427,Veurne,Oostduinkerke
428,Adinkerke,Veurne
429,,A19:
430,,Adinkerke
431,Kortrijk,Gullegem
432,Gullegem,Moorsele
433,Gullegem,Kortrijk
434,Moorsele,Menen
435,Moorsele,Gullegem
436,Menen,Wervik
437,Menen,Moorsele
438,Wervik,Zonnebeke
439,Wervik,Menen
440,Zonnebeke,Ieper
441,Zonnebeke,Wervik
442,Ieper,Zonnebeke
443,,A21:
444,,Ieper
445,Anwterpen,Ranst
446,Ranst,Oelegem
447,Ranst,Anwterpen
448,Oelegem,Zoersel
449,Oelegem,Ranst
450,Zoersel,Lille
451,Zoersel,Oelegem
452,Lille,Beerse
453,Lille,Zoersel
454,Beerse,Turnhout
455,Beerse,Lille
456,Turnhout,Retie
457,Turnhout,Beerse
458,Retie,Turnhout
459,,A25:
460,,Retie
461,Moelingen,Wezet
462,Wezet,Trilogiport
463,Wezet,Moelingen
464,Trilogiport,Argenteau
465,Trilogiport,Wezet
466,Argenteau,Cheratte
467,Argenteau,Trilogiport
468,Cheratte,Wandre
469,Cheratte,Argenteau
470,Wandre,Jupile
471,Wandre,Cheratte
472,Jupile,Coronmeuse
473,Jupile,Wandre
474,Coronmeuse,Luik
475,Coronmeuse,Jupile
476,Luik,Coronmeuse
477,,A26:
478,,Luik
479,Luik,Chenee
480,Chenee,Embourg
481,Chenee,Luik
482,Embourg,Tilff
483,Embourg,Chenee
484,Tilff,Beaufrays
485,Tilff,Embourg
486,Beaufrays,Gomze-Andoumont
487,Beaufrays,Tilff
488,Gomze-Andoumont,Sprimont
489,Gomze-Andoumont,Beaufrays
490,Sprimont,Remouchamps
491,Sprimont,Gomze-Andoumont
492,Remouchamps,Harze
493,Remouchamps,Sprimont
494,Harze,Werbomont
495,Harze,Remouchamps
496,Werbomont,Harre
497,Werbomont,Harze
498,Harre,Manhay
499,Harre,Werbomont
500,Manhay,Houffalize
501,Manhay,Harre
502,Houffalize,Mabompre
503,Houffalize,Manhay
504,Mabompre,Hemroulle
505,Mabompre,Houffalize
506,Hemroulle,Bastenaken
507,Hemroulle,Mabompre
508,Bastenaken,Nives
509,Bastenaken,Hemroulle
510,Nives,Neufchateau
511,Nives,Bastenaken
512,Neufchateau,Nives
513,,A27:
514,,Neufchateau
515,Battice,Chaineux
516,Chaineux,Dison
517,Chaineux,Battice
518,Dison,Lambermont
519,Dison,Chaineux
520,Lambermont,Ensival
521,Lambermont,Dison
522,Ensival,Verviers
523,Ensival,Lambermont
524,Verviers,Theux
525,Verviers,Ensival
526,Theux,Spa
527,Theux,Verviers
528,Spa,Sart
529,Spa,Theux
530,Sart,Francorchamps
531,Sart,Spa
532,Francorchamps,Malmedy
533,Francorchamps,Sart
534,Malmedy,Belleveaux-Ligneuville
535,Malmedy,Francorchamps
536,Belleveaux-Ligneuville,Sankt Vith
537,Belleveaux-Ligneuville,Malmedy
538,Sankt Vith,Lommersweiler
539,Sankt Vith,Belleveaux-Ligneuville
540,Lommersweiler,Sankt Vith
541,,A28:
542,,Lommersweiler
543,Aarlen,Athus
544,Athus,Aubange
545,Athus,Aarlen
546,Aubange,Athus
547,,A54:
548,,Aubange
549,Nijvel,Arquennes
550,Arquennes,Petit-Roeulx
551,Arquennes,Nijvel
552,Petit-Roeulx,Luttre
553,Petit-Roeulx,Arquennes
554,Luttre,Gosslies
555,Luttre,Petit-Roeulx
556,Gosslies,Jumet
557,Gosslies,Luttre
558,Jumet,Lodelinsart
559,Jumet,Gosslies
560,Lodelinsart,Charleroi
561,Lodelinsart,Jumet
562,Charleroi,Lodelinsart
563,,A112:
564,,Charleroi
565,Antwerpen,Kiel
566,Kiel,Valaar
567,Kiel,Antwerpen
568,Valaar,Wilrijk
569,Valaar,Kiel
570,Wilrijk,Valaar
571,,A201:
572,,Wilrijk
573,Brussel,Diegem
574,Diegem,Zaventem
575,Diegem,Brussel
576,Zaventem,Diegem
577,,A501:
578,,Zaventem
579,Familleureux,Bois d'Haine
580,Bois d'Haine,La Louviere
581,Bois d'Haine,Familleureux
582,La Louviere,Bois d'Haine
583,,A503:
584,,La Louviere
585,Charleroi,Mont-sur-Marchienne
586,Mont-sur-Marchienne,Marcinelle
587,Mont-sur-Marchienne,Charleroi
588,Marcinelle,Mont-sur-Marchienne
589,,A601:
590,,Marcinelle
591,Herstal,Hauts-Sarts
592,Hauts-Sarts,Fexhe-Sins
593,Hauts-Sarts,Herstal
594,Fexhe-Sins,Hauts-Sarts
595,,A602:
596,,Fexhe-Sins
597,Loncin,Ans
598,Ans,Luik
599,Ans,Loncin
600,Luik,Guillemins
601,Luik,Ans
602,Guillemins,Angleur
603,Guillemins,Luik
604,Angleur,Guillemins
605,,A604:
606,,Angleur
607,Grace-Hollogne,Hollogne-aux-Pierres
608,Hollogne-aux-Pierres,Jemeppe
609,Hollogne-aux-Pierres,Grace-Hollogne
610,Jemeppe,Hollogne-aux-Pierres
611,,N1:
612,,Jemeppe
613,Brussel,Schaarbeek
614,Schaarbeek,Vilvoorde
615,Schaarbeek,Brussel
616,Vilvoorde,Eppegem
617,Vilvoorde,Schaarbeek
618,Eppegem,Zemst
619,Eppegem,Vilvoorde
620,Zemst,Mechelen
621,Zemst,Eppegem
622,Mechelen,Walem
623,Mechelen,Zemst
624,Walem,Rumst
625,Walem,Mechelen
626,Rumst,Waarloos
627,Rumst,Walem
628,Waarloos,Kontich
629,Waarloos,Rumst
630,Kontich,Edegem
631,Kontich,Waarloos
632,Edegem,Hove
633,Edegem,Kontich
634,Hove,Mortsel
635,Hove,Edegem
636,Mortsel,Berchem
637,Mortsel,Hove
638,Berchem,Antwerpen
639,Berchem,Mortsel
640,Antwerpen,Merksem
641,Antwerpen,Berchem
642,Merksem,Brasschaat
643,Merksem,Antwerpen
644,Brasschaat,Maria-ter-Heide
645,Brasschaat,Merksem
646,Maria-ter-Heide,Gooreind
647,Maria-ter-Heide,Brasschaat
648,Gooreind,Wuustwezel
649,Gooreind,Maria-ter-Heide
650,Wuustwezel,Braken
651,Wuustwezel,Gooreind
652,Braken,Wuustwezel
653,,N2:
654,,Braken
655,Brussel,Sint-Stevens-Woluwe
656,Sint-Stevens-Woluwe,Zaventem
657,Sint-Stevens-Woluwe,Brussel
658,Zaventem,Nossegem
659,Zaventem,Sint-Stevens-Woluwe
660,Nossegem,Kortenberg
661,Nossegem,Zaventem
662,Kortenberg,Erps-Kwerps
663,Kortenberg,Nossegem
664,Erps-Kwerps,Veltem-Beisem
665,Erps-Kwerps,Kortenberg
666,Veltem-Beisem,Winksele
667,Veltem-Beisem,Erps-Kwerps
668,Winksele,Leuven
669,Winksele,Veltem-Beisem
670,Leuven,Kessel-Lo
671,Leuven,Winksele
672,Kessel-Lo,Linden
673,Kessel-Lo,Leuven
674,Linden,Lubbeek
675,Linden,Kessel-Lo
676,Lubbeek,Sint-Joris-Winge
677,Lubbeek,Linden
678,Sint-Joris-Winge,Tielt
679,Sint-Joris-Winge,Lubbeek
680,Tielt,Bekkevoort
681,Tielt,Sint-Joris-Winge
682,Bekkevoort,Assent
683,Bekkevoort,Tielt
684,Assent,Diest
685,Assent,Bekkevoort
686,Diest,Webbekom
687,Diest,Assent
688,Webbekom,Zelk
689,Webbekom,Diest
690,Zelk,Halen
691,Zelk,Webbekom
692,Halen,Donk
693,Halen,Zelk
694,Donk,Herk-de-Stad
695,Donk,Halen
696,Herk-de-Stad,Schulen
697,Herk-de-Stad,Donk
698,Schulen,Berbroek
699,Schulen,Herk-de-Stad
700,Berbroek,Spalbeek
701,Berbroek,Schulen
702,Spalbeek,Kermt
703,Spalbeek,Berbroek
704,Kermt,Kuringen
705,Kermt,Spalbeek
706,Kuringen,Hasselt
707,Kuringen,Kermt
708,Hasselt,Diepenbeek
709,Hasselt,Kuringen
710,Diepenbeek,Beverst
711,Diepenbeek,Hasselt
712,Beverst,Bilzen
713,Beverst,Diepenbeek
714,Bilzen,Waltwilder
715,Bilzen,Beverst
716,Waltwilder,Mopertingen
717,Waltwilder,Bilzen
718,Mopertingen,Veldwezelt
719,Mopertingen,Waltwilder
720,Veldwezelt,Mopertingen
721,,N3:
722,,Veldwezelt
723,Brussel,Etterbeek
724,Etterbeek,Sint-Pieters-Woluwe
725,Etterbeek,Brussel
726,Sint-Pieters-Woluwe,Oudergem
727,Sint-Pieters-Woluwe,Etterbeek
728,Oudergem,Kraainem
729,Oudergem,Sint-Pieters-Woluwe
730,Kraainem,Tervuren
731,Kraainem,Oudergem
732,Tervuren,Terbank
733,Tervuren,Kraainem
734,Terbank,Leuven
735,Terbank,Tervuren
736,Leuven,Boutersem
737,Leuven,Terbank
738,Boutersem,Tienen
739,Boutersem,Leuven
740,Tienen,Orsmaal
741,Tienen,Boutersem
742,Orsmaal,Sint-Truiden
743,Orsmaal,Tienen
744,Sint-Truiden,Heers
745,Sint-Truiden,Orsmaal
746,Heers,Oerle
747,Heers,Sint-Truiden
748,Oerle,Crisnee
749,Oerle,Heers
750,Crisnee,Ans
751,Crisnee,Oerle
752,Ans,Luik
753,Ans,Crisnee
754,Luik,Grivegnee
755,Luik,Ans
756,Grivegnee,Fleron
757,Grivegnee,Luik
758,Fleron,Soumagne
759,Fleron,Grivegnee
760,Soumagne,Herve
761,Soumagne,Fleron
762,Herve,Lontzen
763,Herve,Soumagne
764,Lontzen,Kelmis
765,Lontzen,Herve
766,Kelmis,Lontzen
767,,N4:
768,,Kelmis
769,Brussel,Etterbeek
770,Etterbeek,Oudergem
771,Etterbeek,Brussel
772,Oudergem,Jezus-Eik
773,Oudergem,Etterbeek
774,Jezus-Eik,Overijse
775,Jezus-Eik,Oudergem
776,Overijse,Waver
777,Overijse,Jezus-Eik
778,Waver,Louvain-la-Neuve
779,Waver,Overijse
780,Louvain-la-Neuve,Nil-Pierreux
781,Louvain-la-Neuve,Waver
782,Nil-Pierreux,Gembloers
783,Nil-Pierreux,Louvain-la-Neuve
784,Gembloers,Bovesse
785,Gembloers,Nil-Pierreux
786,Bovesse,Namen
787,Bovesse,Gembloers
788,Namen,Courriere
789,Namen,Bovesse
790,Courriere,Natoye
791,Courriere,Namen
792,Natoye,Emptinne
793,Natoye,Courriere
794,Emptinne,Pessoux
795,Emptinne,Natoye
796,Pessoux,Nettinne
797,Pessoux,Emptinne
798,Nettinne,Marche-en-Famenne
799,Nettinne,Pessoux
800,Marche-en-Famenne,Hollogne
801,Marche-en-Famenne,Nettinne
802,Hollogne,Harsin
803,Hollogne,Marche-en-Famenne
804,Harsin,Bande
805,Harsin,Hollogne
806,Bande,Champlon
807,Bande,Harsin
808,Champlon,Ortheuville
809,Champlon,Bande
810,Ortheuville,Sprimont
811,Ortheuville,Champlon
812,Sprimont,Bastenaken
813,Sprimont,Ortheuville
814,Bastenaken,Grumelange
815,Bastenaken,Sprimont
816,Grumelange,Martelange
817,Grumelange,Bastenaken
818,Martelange,Perle
819,Martelange,Grumelange
820,Perle,Aarlen
821,Perle,Martelange
822,Aarlen,Perle
823,,N5:
824,,Aarlen
825,Brussel,Sint-Gillis
826,Sint-Gillis,Elsene
827,Sint-Gillis,Brussel
828,Elsene,Ukkel
829,Elsene,Sint-Gillis
830,Ukkel,Sint-Genesius-Rode
831,Ukkel,Elsene
832,Sint-Genesius-Rode,Waterloo
833,Sint-Genesius-Rode,Ukkel
834,Waterloo,Lasne
835,Waterloo,Sint-Genesius-Rode
836,Lasne,Genepien
837,Lasne,Waterloo
838,Genepien,Les Bons Villers
839,Genepien,Lasne
840,Les Bons Villers,Charleroi
841,Les Bons Villers,Genepien
842,Charleroi,Gerpinnes
843,Charleroi,Les Bons Villers
844,Gerpinnes,Ham-sur_Heure-Nalinnes
845,Gerpinnes,Charleroi
846,Ham-sur_Heure-Nalinnes,Walcourt
847,Ham-sur_Heure-Nalinnes,Gerpinnes
848,Walcourt,Philippeville
849,Walcourt,Ham-sur_Heure-Nalinnes
850,Philippeville,Couvin
851,Philippeville,Walcourt
852,Couvin,Philippeville
853,,N6:
854,,Couvin
855,Brussel,Anderlecht
856,Anderlecht,Sint-Pieters-Leeuw
857,Anderlecht,Brussel
858,Sint-Pieters-Leeuw,Halle
859,Sint-Pieters-Leeuw,Anderlecht
860,Halle,Tubeke
861,Halle,Sint-Pieters-Leeuw
862,Tubeke,'s-Gravenbrakel
863,Tubeke,Halle
864,'s-Gravenbrakel,Zinnik
865,'s-Gravenbrakel,Tubeke
866,Zinnik,Nimy
867,Zinnik,'s-Gravenbrakel
868,Nimy,Bergen
869,Nimy,Zinnik
870,Bergen,Asquillies
871,Bergen,Nimy
872,Asquillies,Bergen
873,,N7:
874,,Asquillies
875,Halle,Lembeek
876,Lembeek,Bierk
877,Lembeek,Halle
878,Bierk,Lettelingen
879,Bierk,Lembeek
880,Lettelingen,Edingen
881,Lettelingen,Bierk
882,Edingen,Mark
883,Edingen,Lettelingen
884,Mark,Zullik
885,Mark,Edingen
886,Zullik,Gellingen
887,Zullik,Mark
888,Gellingen,Aat
889,Gellingen,Zullik
890,Aat,Villers-Notre-Dame
891,Aat,Gellingen
892,Villers-Notre-Dame,Chapelle-a-Wattines
893,Villers-Notre-Dame,Aat
894,Chapelle-a-Wattines,Leuze-en-Hainaut
895,Chapelle-a-Wattines,Villers-Notre-Dame
896,Leuze-en-Hainaut,Barry
897,Leuze-en-Hainaut,Chapelle-a-Wattines
898,Barry,Gaurain-Ramecroix
899,Barry,Leuze-en-Hainaut
900,Gaurain-Ramecroix,Doornik
901,Gaurain-Ramecroix,Barry
902,Doornik,Marquain
903,Doornik,Gaurain-Ramecroix
904,Marquain,Doornik
905,,N8:
906,,Marquain
907,Brussel,Sint-Jans-Molenbeek
908,Sint-Jans-Molenbeek,Anderlecht
909,Sint-Jans-Molenbeek,Brussel
910,Anderlecht,Eizeringen
911,Anderlecht,Sint-Jans-Molenbeek
912,Eizeringen,Ninove
913,Eizeringen,Anderlecht
914,Ninove,Appelterre
915,Ninove,Eizeringen
916,Appelterre,Aspelare
917,Appelterre,Ninove
918,Aspelare,Ophasselt
919,Aspelare,Appelterre
920,Ophasselt,Brakel
921,Ophasselt,Aspelare
922,Brakel,Zegelsem
923,Brakel,Ophasselt
924,Zegelsem,Horebeke
925,Zegelsem,Brakel
926,Horebeke,Volkegem
927,Horebeke,Zegelsem
928,Volkegem,Oudenaarde
929,Volkegem,Horebeke
930,Oudenaarde,Berchem
931,Oudenaarde,Volkegem
932,Berchem,Kerkhove
933,Berchem,Oudenaarde
934,Kerkhove,Avelgem
935,Kerkhove,Berchem
936,Avelgem,Zwevegem
937,Avelgem,Kerkhove
938,Zwevegem,Kortrijk
939,Zwevegem,Avelgem
940,Kortrijk,Menen
941,Kortrijk,Zwevegem
942,Menen,Geluwe
943,Menen,Kortrijk
944,Geluwe,Ieper
945,Geluwe,Menen
946,Ieper,Elverdinge
947,Ieper,Geluwe
948,Elverdinge,Oostvleteren
949,Elverdinge,Ieper
950,Oostvleteren,Hoogstade
951,Oostvleteren,Elverdinge
952,Hoogstade,Alveringem
953,Hoogstade,Oostvleteren
954,Alveringem,Veurne
955,Alveringem,Hoogstade
956,Veurne,Sint-Idesbald
957,Veurne,Alveringem
958,Sint-Idesbald,Veurne
959,,N9:
960,,Sint-Idesbald
961,Sint-Jans-Molenbeek,Sint-Agatha-Berchem
962,Sint-Agatha-Berchem,Dilbeek
963,Sint-Agatha-Berchem,Sint-Jans-Molenbeek
964,Dilbeek,Asse
965,Dilbeek,Sint-Agatha-Berchem
966,Asse,Affligem
967,Asse,Dilbeek
968,Affligem,Aalst
969,Affligem,Asse
970,Aalst,Erpe-Mere
971,Aalst,Affligem
972,Erpe-Mere,Lede
973,Erpe-Mere,Aalst
974,Lede,Wetteren
975,Lede,Erpe-Mere
976,Wetteren,Melle
977,Wetteren,Lede
978,Melle,Gent
979,Melle,Wetteren
980,Gent,Evergem
981,Gent,Melle
982,Evergem,Lovendegem
983,Evergem,Gent
984,Lovendegem,Zomergem
985,Lovendegem,Evergem
986,Zomergem,Waarschoot
987,Zomergem,Lovendegem
988,Waarschoot,Eeklo
989,Waarschoot,Zomergem
990,Eeklo,Maldegem
991,Eeklo,Waarschoot
992,Maldegem,Damme
993,Maldegem,Eeklo
994,Damme,Brugge
995,Damme,Maldegem
996,Brugge,Zuienkerke
997,Brugge,Damme
998,Zuienkerke,De Haan
999,Zuienkerke,Brugge
1000,De Haan,Bredene
1001,De Haan,Zuienkerke
1002,Bredene,Oostende
1003,Bredene,De Haan
1004,Oostende,Bredene
1005,,N10:
1006,,Oostende
1007,Mortsel,Boechout
1008,Boechout,Lier
1009,Boechout,Mortsel
1010,Lier,Koningshooikt
1011,Lier,Boechout
1012,Koningshooikt,Heist-op-den-Berg
1013,Koningshooikt,Lier
1014,Heist-op-den-Berg,Begijnendijk
1015,Heist-op-den-Berg,Koningshooikt
1016,Begijnendijk,Aarschot
1017,Begijnendijk,Heist-op-den-Berg
1018,Aarschot,Rillaar
1019,Aarschot,Begijnendijk
1020,Rillaar,Scherpenheuvel
1021,Rillaar,Aarschot
1022,Scherpenheuvel,Rillaar
1023,,N11:
1024,,Scherpenheuvel
1025,Donk,Sint-Mariaburg
1026,Sint-Mariaburg,Kapellen
1027,Sint-Mariaburg,Donk
1028,Kapellen,Putte
1029,Kapellen,Sint-Mariaburg
1030,Putte,Kapellen
1031,,N12:
1032,,Putte
1033,Antwerpen,Borgerhout
1034,Borgerhout,Deurne
1035,Borgerhout,Antwerpen
1036,Deurne,Wijnegem
1037,Deurne,Borgerhout
1038,Wijnegem,Schilde
1039,Wijnegem,Deurne
1040,Schilde,Sint-Antonius (Zoersel)
1041,Schilde,Wijnegem
1042,Sint-Antonius (Zoersel),Westmalle
1043,Sint-Antonius (Zoersel),Schilde
1044,Westmalle,Oostmalle
1045,Westmalle,Sint-Antonius (Zoersel)
1046,Oostmalle,Vlimmeren
1047,Oostmalle,Westmalle
1048,Vlimmeren,Beerse
1049,Vlimmeren,Oostmalle
1050,Beerse,Vosselaar
1051,Beerse,Vlimmeren
1052,Vosselaar,Turnhout
1053,Vosselaar,Beerse
1054,Turnhout,Oud-Turnhout
1055,Turnhout,Vosselaar
1056,Oud-Turnhout,Ravels
1057,Oud-Turnhout,Turnhout
1058,Ravels,Weelde
1059,Ravels,Oud-Turnhout
1060,Weelde,Poppel
1061,Weelde,Ravels
1062,Poppel,Weelde
1063,,N13:
1064,,Poppel
1065,Lier,Kessel
1066,Kessel,Nijlen
1067,Kessel,Lier
1068,Nijlen,Bouwel
1069,Nijlen,Kessel
1070,Bouwel,Herentals
1071,Bouwel,Nijlen
1072,Herentals,Punt
1073,Herentals,Bouwel
1074,Punt,Herentals
1075,,N14:
1076,,Punt
1077,Mechelen,Sint-Katelijne-Waver
1078,Sint-Katelijne-Waver,Duffel
1079,Sint-Katelijne-Waver,Mechelen
1080,Duffel,Lier
1081,Duffel,Sint-Katelijne-Waver
1082,Lier,Emblem
1083,Lier,Duffel
1084,Emblem,Viersel
1085,Emblem,Lier
1086,Viersel,Massenhoven
1087,Viersel,Emblem
1088,Massenhoven,Zandhoven
1089,Massenhoven,Viersel
1090,Zandhoven,Zoersel
1091,Zandhoven,Massenhoven
1092,Zoersel,Oostmalle
1093,Zoersel,Zandhoven
1094,Oostmalle,Rijkevorsel
1095,Oostmalle,Zoersel
1096,Rijkevorsel,Hoogstraten
1097,Rijkevorsel,Oostmalle
1098,Hoogstraten,Minderhout
1099,Hoogstraten,Rijkevorsel
1100,Minderhout,Meerle
1101,Minderhout,Hoogstraten
1102,Meerle,Minderhout
1103,,N15:
1104,,Meerle
1105,Mechelen,Bonheiden
1106,Bonheiden,Peulis
1107,Bonheiden,Mechelen
1108,Peulis,Putte
1109,Peulis,Bonheiden
1110,Putte,Beerzel
1111,Putte,Peulis
1112,Beerzel,Heist-op-den-Berg
1113,Beerzel,Putte
1114,Heist-op-den-Berg,Booischot
1115,Heist-op-den-Berg,Beerzel
1116,Booischot,Westmeerbeek
1117,Booischot,Heist-op-den-Berg
1118,Westmeerbeek,Bergom
1119,Westmeerbeek,Booischot
1120,Bergom,Westmeerbeek
1121,,N16:
1122,,Bergom
1123,Mechelen,Battel
1124,Battel,Heffen
1125,Battel,Mechelen
1126,Heffen,Willebroek
1127,Heffen,Battel
1128,Willebroek,Kalfort
1129,Willebroek,Heffen
1130,Kalfort,Puurs
1131,Kalfort,Willebroek
1132,Puurs,Bornem
1133,Puurs,Kalfort
1134,Bornem,Temse
1135,Bornem,Puurs
1136,Temse,Sint-Niklaas
1137,Temse,Bornem
1138,Sint-Niklaas,Temse
1139,,N17:
1140,,Sint-Niklaas
1141,Dendermonde,Baasrode
1142,Baasrode,Buggenhout
1143,Baasrode,Dendermonde
1144,Buggenhout,Sint-Amands
1145,Buggenhout,Baasrode
1146,Sint-Amands,Lippelo
1147,Sint-Amands,Buggenhout
1148,Lippelo,Liezele
1149,Lippelo,Sint-Amands
1150,Liezele,Breendonk
1151,Liezele,Lippelo
1152,Breendonk,Puurs
1153,Breendonk,Liezele
1154,Puurs,Willebroek
1155,Puurs,Breendonk
1156,Willebroek,Puurs
1157,,N18:
1158,,Willebroek
1159,Turnhout,Oud-Turnhout
1160,Oud-Turnhout,Schoonbroek
1161,Oud-Turnhout,Turnhout
1162,Schoonbroek,Retie
1163,Schoonbroek,Oud-Turnhout
1164,Retie,Dessel
1165,Retie,Schoonbroek
1166,Dessel,Mol
1167,Dessel,Retie
1168,Mol,Balen
1169,Mol,Dessel
1170,Balen,Leopoldsburg
1171,Balen,Mol
1172,Leopoldsburg,Balen
1173,,N19:
1174,,Leopoldsburg
1175,Turnhout,Kasterlee
1176,Kasterlee,Geel
1177,Kasterlee,Turnhout
1178,Geel,Punt
1179,Geel,Kasterlee
1180,Punt,Zammel
1181,Punt,Geel
1182,Zammel,Bergom
1183,Zammel,Punt
1184,Bergom,Herselt
1185,Bergom,Zammel
1186,Herselt,Aarschot
1187,Herselt,Bergom
1188,Aarschot,Wilsele
1189,Aarschot,Herselt
1190,Wilsele,Leuven
1191,Wilsele,Aarschot
1192,Leuven,Wilsele
1193,,N20:
1194,,Leuven
1195,Hasselt,Wimmertingen
1196,Wimmertingen,Kortessem
1197,Wimmertingen,Hasselt
1198,Kortessem,Wintershoven
1199,Kortessem,Wimmertingen
1200,Wintershoven,Guigoven
1201,Wintershoven,Kortessem
1202,Guigoven,Vliermaal
1203,Guigoven,Wintershoven
1204,Vliermaal,Overrepen
1205,Vliermaal,Guigoven
1206,Overrepen,Tongeren
1207,Overrepen,Vliermaal
1208,Tongeren,Vreren
1209,Tongeren,Overrepen
1210,Vreren,Juprelle
1211,Vreren,Tongeren
1212,Juprelle,Rocourt
1213,Juprelle,Vreren
1214,Rocourt,Luik
1215,Rocourt,Juprelle
1216,Luik,Rocourt
1217,,N21:
1218,,Luik
1219,Brussel,Schaarbeek
1220,Schaarbeek,Evere
1221,Schaarbeek,Brussel
1222,Evere,Diegem
1223,Evere,Schaarbeek
1224,Diegem,Melsbroek
1225,Diegem,Evere
1226,Melsbroek,Berg
1227,Melsbroek,Diegem
1228,Berg,Kampenhout
1229,Berg,Melsbroek
1230,Kampenhout,Kampenhout-Sas
1231,Kampenhout,Berg
1232,Kampenhout-Sas,Boortmeerbeek
1233,Kampenhout-Sas,Kampenhout
1234,Boortmeerbeek,Wespelaar
1235,Boortmeerbeek,Kampenhout-Sas
1236,Wespelaar,Haacht
1237,Wespelaar,Boortmeerbeek
1238,Haacht,Werchter
1239,Haacht,Wespelaar
1240,Werchter,Betekom
1241,Werchter,Haacht
1242,Betekom,Aarschot
1243,Betekom,Werchter
1244,Aarschot,Betekom
1245,,N22:
1246,,Aarschot
1247,Brussel,Evere
1248,Evere,Diegem
1249,Evere,Brussel
1250,Diegem,Zaventem
1251,Diegem,Evere
1252,Zaventem,Diegem
1253,,N23:
1254,,Zaventem
1255,Brussel,
1256,,N24:
1257,,Brussel
1258,Brussel,
1259,,N25:
1260,,Brussel
1261,Blanden,Hamme-Mille
1262,Hamme-Mille,Graven
1263,Hamme-Mille,Blanden
1264,Graven,Waver
1265,Graven,Hamme-Mille
1266,Waver,Ottignies-Louvain-la-Neuve
1267,Waver,Graven
1268,Ottignies-Louvain-la-Neuve,Mont-Saint-Guibert
1269,Ottignies-Louvain-la-Neuve,Waver
1270,Mont-Saint-Guibert,Genepien
1271,Mont-Saint-Guibert,Ottignies-Louvain-la-Neuve
1272,Genepien,Nijvel
1273,Genepien,Mont-Saint-Guibert
1274,Nijvel,Genepien
1275,,N26:
1276,,Nijvel
1277,Leuven,Herent
1278,Herent,Buken
1279,Herent,Leuven
1280,Buken,Kampenhout-Sas
1281,Buken,Herent
1282,Kampenhout-Sas,Boortmeerbeek
1283,Kampenhout-Sas,Buken
1284,Boortmeerbeek,Hever
1285,Boortmeerbeek,Kampenhout-Sas
1286,Hever,Muizen
1287,Hever,Boortmeerbeek
1288,Muizen,Mechelen
1289,Muizen,Hever
1290,Mechelen,Muizen
1291,,N27:
1292,,Mechelen
1293,Waterloo,Eigenbrakel
1294,Eigenbrakel,Lillois-Witterzee
1295,Eigenbrakel,Waterloo
1296,Lillois-Witterzee,Nijvel
1297,Lillois-Witterzee,Eigenbrakel
1298,Nijvel,Arquennes
1299,Nijvel,Lillois-Witterzee
1300,Arquennes,Seneffe
1301,Arquennes,Nijvel
1302,Seneffe,Manage
1303,Seneffe,Arquennes
1304,Manage,Fayt-lez-Manage
1305,Manage,Seneffe
1306,Fayt-lez-Manage,La Hestre
1307,Fayt-lez-Manage,Manage
1308,La Hestre,La Louviere
1309,La Hestre,Fayt-lez-Manage
1310,La Louviere,Haine-Saint-Paul
1311,La Louviere,La Hestre
1312,Haine-Saint-Paul,Peronnes-lez-Binche
1313,Haine-Saint-Paul,La Louviere
1314,Peronnes-lez-Binche,Binche
1315,Peronnes-lez-Binche,Haine-Saint-Paul
1316,Binche,Peronnes-lez-Binche
1317,,N28:
1318,,Binche
1319,Nijvel,Ophain-Bois-Seigneur-Isaac
1320,Ophain-Bois-Seigneur-Isaac,Haut-Ittre
1321,Ophain-Bois-Seigneur-Isaac,Nijvel
1322,Haut-Ittre,Kasteelbrakel
1323,Haut-Ittre,Ophain-Bois-Seigneur-Isaac
1324,Kasteelbrakel,Halle
1325,Kasteelbrakel,Haut-Ittre
1326,Halle,Pepingen
1327,Halle,Kasteelbrakel
1328,Pepingen,Leerbeek
1329,Pepingen,Halle
1330,Leerbeek,Neigem
1331,Leerbeek,Pepingen
1332,Neigem,Meerbeke
1333,Neigem,Leerbeek
1334,Meerbeke,Ninove
1335,Meerbeke,Neigem
1336,Ninove,Meerbeke
1337,,N29:
1338,,Ninove
1339,Beringen,Diest
1340,Diest,Glabbeek
1341,Diest,Beringen
1342,Glabbeek,Bunsbeek
1343,Glabbeek,Diest
1344,Bunsbeek,Tienen
1345,Bunsbeek,Glabbeek
1346,Tienen,Geldenaken
1347,Tienen,Bunsbeek
1348,Geldenaken,Charleroi
1349,Geldenaken,Tienen
1350,Charleroi,Geldenaken
1351,,N30:
1352,,Charleroi
1353,Luik,Grivegnee
1354,Grivegnee,Angleur
1355,Grivegnee,Luik
1356,Angleur,Chenee
1357,Angleur,Grivegnee
1358,Chenee,Embourg
1359,Chenee,Angleur
1360,Embourg,Beaufays
1361,Embourg,Chenee
1362,Beaufays,Ogne
1363,Beaufays,Embourg
1364,Ogne,Sprimont
1365,Ogne,Beaufays
1366,Sprimont,Florze
1367,Sprimont,Ogne
1368,Florze,Aywaille
1369,Florze,Sprimont
1370,Aywaille,Harze
1371,Aywaille,Florze
1372,Harze,Werbomont
1373,Harze,Aywaille
1374,Werbomont,Manhay
1375,Werbomont,Harze
1376,Manhay,Baraque Fraiture
1377,Manhay,Werbomont
1378,Baraque Fraiture,Houffalize
1379,Baraque Fraiture,Manhay
1380,Houffalize,Wicourt
1381,Houffalize,Baraque Fraiture
1382,Wicourt,Rachamps
1383,Wicourt,Houffalize
1384,Rachamps,Noville
1385,Rachamps,Wicourt
1386,Noville,Foy
1387,Noville,Rachamps
1388,Foy,Bastenaken
1389,Foy,Noville
1390,Bastenaken,Foy
1391,,N31:
1392,,Bastenaken
1393,Brugge,Lissewege
1394,Lissewege,Zeebrugge
1395,Lissewege,Brugge
1396,Zeebrugge,Lissewege
1397,,N32:
1398,,Zeebrugge
1399,Brugge,Loppem
1400,Loppem,Zedelgem
1401,Loppem,Brugge
1402,Zedelgem,Torhout
1403,Zedelgem,Loppem
1404,Torhout,Lichtervelde
1405,Torhout,Zedelgem
1406,Lichtervelde,Gits
1407,Lichtervelde,Torhout
1408,Gits,Roeselare
1409,Gits,Lichtervelde
1410,Roeselare,Menen
1411,Roeselare,Gits
1412,Menen,Roeselare
1413,,N33:
1414,,Menen
1415,Oostende,Leffinge
1416,Leffinge,Snaaskerke
1417,Leffinge,Oostende
1418,Snaaskerke,Gitsel
1419,Snaaskerke,Leffinge
1420,Gitsel,Eernegem
1421,Gitsel,Snaaskerke
1422,Eernegem,Torhout
1423,Eernegem,Gitsel
1424,Torhout,Eernegem
1425,,N34:
1426,,Torhout
1427,Knokke,Heist
1428,Heist,Zeebrugge
1429,Heist,Knokke
1430,Zeebrugge,Blankenberge
1431,Zeebrugge,Heist
1432,Blankenberge,Wenduine
1433,Blankenberge,Zeebrugge
1434,Wenduine,De Haan
1435,Wenduine,Blankenberge
1436,De Haan,Bredene
1437,De Haan,Wenduine
1438,Bredene,Oostende
1439,Bredene,De Haan
1440,Oostende,Middelkerke
1441,Oostende,Bredene
1442,Middelkerke,Westende
1443,Middelkerke,Oostende
1444,Westende,Lombardsijde
1445,Westende,Middelkerke
1446,Lombardsijde,Nieuwpoort
1447,Lombardsijde,Westende
1448,Nieuwpoort,Oostduinkerke
1449,Nieuwpoort,Lombardsijde
1450,Oostduinkerke,Koksijde
1451,Oostduinkerke,Nieuwpoort
1452,Koksijde,De Panne
1453,Koksijde,Oostduinkerke
1454,De Panne,Koksijde
1455,,N35:
1456,,De Panne
1457,De Panne,Koksijde
1458,Koksijde,Veurne
1459,Koksijde,De Panne
1460,Veurne,Diksmuide
1461,Veurne,Koksijde
1462,Diksmuide,Kortemark
1463,Diksmuide,Veurne
1464,Kortemark,Torhout
1465,Kortemark,Diksmuide
1466,Torhout,Lichtervelde
1467,Torhout,Kortemark
1468,Lichtervelde,Ardooie
1469,Lichtervelde,Torhout
1470,Ardooie,Pittem
1471,Ardooie,Lichtervelde
1472,Pittem,Tielt
1473,Pittem,Ardooie
1474,Tielt,Deinze
1475,Tielt,Pittem
1476,Deinze,Zingem
1477,Deinze,Tielt
1478,Zingem,Nazareth
1479,Zingem,Deinze
1480,Nazareth,Zingem
1481,,N36:
1482,,Nazareth
1483,Ronse,Kluisbergen
1484,Kluisbergen,Berchem
1485,Kluisbergen,Ronse
1486,Berchem,Kaster
1487,Berchem,Kluisbergen
1488,Kaster,Tiegem
1489,Kaster,Berchem
1490,Tiegem,Deerlijk
1491,Tiegem,Kaster
1492,Deerlijk,Harelbeke
1493,Deerlijk,Tiegem
1494,Harelbeke,Izegem
1495,Harelbeke,Deerlijk
1496,Izegem,Roeselare
1497,Izegem,Harelbeke
1498,Roeselare,Sleihage
1499,Roeselare,Izegem
1500,Sleihage,Staden
1501,Sleihage,Roeselare
1502,Staden,Zarren
1503,Staden,Sleihage
1504,Zarren,Staden
1505,,N37:
1506,,Zarren
1507,Aalter,Ruiselede
1508,Ruiselede,Tielt
1509,Ruiselede,Aalter
1510,Tielt,Pittem
1511,Tielt,Ruiselede
1512,Pittem,Ardooie
1513,Pittem,Tielt
1514,Ardooie,Tasse
1515,Ardooie,Pittem
1516,Tasse,Roeselare
1517,Tasse,Ardooie
1518,Roeselare,Zonnebeke
1519,Roeselare,Tasse
1520,Zonnebeke,Ieper
1521,Zonnebeke,Roeselare
1522,Ieper,Zonnebeke
1523,,N38:
1524,,Ieper
1525,Ieper,Vlamertinge
1526,Vlamertinge,Poperinge
1527,Vlamertinge,Ieper
1528,Poperinge,Vlamertinge
1529,,N39:
1530,,Poperinge
1531,Nieuwpoort,Wulpen
1532,Wulpen,Veurne
1533,Wulpen,Nieuwpoort
1534,Veurne,Adinkerke
1535,Veurne,Wulpen
1536,Adinkerke,Veurne
1537,,N40:
1538,,Adinkerke
1539,Bergen,Spiennes
1540,Spiennes,Harmignies
1541,Spiennes,Bergen
1542,Harmignies,Givry
1543,Harmignies,Spiennes
1544,Givry,Rouveroy
1545,Givry,Harmignies
1546,Rouveroy,Erquelinnes
1547,Rouveroy,Givry
1548,Erquelinnes,Solre-sur-Sambre
1549,Erquelinnes,Rouveroy
1550,Solre-sur-Sambre,Montignies-Saint-Christophe
1551,Solre-sur-Sambre,Erquelinnes
1552,Montignies-Saint-Christophe,Beaumont
1553,Montignies-Saint-Christophe,Solre-sur-Sambre
1554,Beaumont,Barbencon
1555,Beaumont,Montignies-Saint-Christophe
1556,Barbencon,Boussu-lez-Walcourt
1557,Barbencon,Beaumont
1558,Boussu-lez-Walcourt,Silenrieux
1559,Boussu-lez-Walcourt,Barbencon
1560,Silenrieux,Philippeville
1561,Silenrieux,Boussu-lez-Walcourt
1562,Philippeville,Villers-le-Gambon
1563,Philippeville,Silenrieux
1564,Villers-le-Gambon,Doische
1565,Villers-le-Gambon,Philippeville
1566,Doische,Givet
1567,Doische,Villers-le-Gambon
1568,Givet,Fromelennes
1569,Givet,Doische
1570,Fromelennes,Dion
1571,Fromelennes,Givet
1572,Dion,Beauraing
1573,Dion,Fromelennes
1574,Beauraing,PondrÃ´me
1575,Beauraing,Dion
1576,PondrÃ´me,Wellin
1577,PondrÃ´me,Beauraing
1578,Wellin,Halma
1579,Wellin,PondrÃ´me
1580,Halma,Neupont
1581,Halma,Wellin
1582,Neupont,Redu
1583,Neupont,Halma
1584,Redu,Transinne
1585,Redu,Neupont
1586,Transinne,Libin
1587,Transinne,Redu
1588,Libin,Recogne
1589,Libin,Transinne
1590,Recogne,Lamouline
1591,Recogne,Libin
1592,Lamouline,NeufchÃ¢teau
1593,Lamouline,Recogne
1594,NeufchÃ¢teau,Hamipre
1595,NeufchÃ¢teau,Lamouline
1596,Hamipre,Leglise
1597,Hamipre,NeufchÃ¢teau
1598,Leglise,Rancimont
1599,Leglise,Hamipre
1600,Rancimont,Beheme
1601,Rancimont,Leglise
1602,Beheme,Anlier
1603,Beheme,Rancimont
1604,Anlier,Habay
1605,Anlier,Beheme
1606,Habay,Heinsch
1607,Habay,Anlier
1608,Heinsch,Freylange
1609,Heinsch,Habay
1610,Freylange,Aarlen
1611,Freylange,Heinsch
1612,Aarlen,Freylange
1613,,N41:
1614,,Aarlen
1615,Aalst,Dendermonde
1616,Dendermonde,Hamme
1617,Dendermonde,Aalst
1618,Hamme,Sint-Niklaas
1619,Hamme,Dendermonde
1620,Sint-Niklaas,Hamme
1621,,N42:
1622,,Sint-Niklaas
1623,Wetteren,Oosterzele
1624,Oosterzele,Zottegem
1625,Oosterzele,Wetteren
1626,Zottegem,Herzele
1627,Zottegem,Oosterzele
1628,Herzele,Lierde
1629,Herzele,Zottegem
1630,Lierde,Geraardsbergen
1631,Lierde,Herzele
1632,Geraardsbergen,Lessen
1633,Geraardsbergen,Lierde
1634,Lessen,Geraardsbergen
1635,,N43:
1636,,Lessen
1637,Gent,Sint-Martens-Latem
1638,Sint-Martens-Latem,Deinze
1639,Sint-Martens-Latem,Gent
1640,Deinze,Zulte
1641,Deinze,Sint-Martens-Latem
1642,Zulte,Waregem
1643,Zulte,Deinze
1644,Waregem,Harelbeke
1645,Waregem,Zulte
1646,Harelbeke,Kortrijk
1647,Harelbeke,Waregem
1648,Kortrijk,Menen
1649,Kortrijk,Harelbeke
1650,Menen,Moeskroen
1651,Menen,Kortrijk
1652,Moeskroen,Menen
1653,,N44:
1654,,Moeskroen
1655,Aalter,Knesselare
1656,Knesselare,Maldegem
1657,Knesselare,Aalter
1658,Maldegem,Knesselare
1659,,N45:
1660,,Maldegem
1661,Aalst,Erembodegem
1662,Erembodegem,Welle
1663,Erembodegem,Aalst
1664,Welle,Denderhoutem
1665,Welle,Erembodegem
1666,Denderhoutem,Iddergem
1667,Denderhoutem,Welle
1668,Iddergem,Ninove
1669,Iddergem,Denderhoutem
1670,Ninove,Appelterre-Eichem
1671,Ninove,Iddergem
1672,Appelterre-Eichem,Smeerebbe-Vloerzegem
1673,Appelterre-Eichem,Ninove
1674,Smeerebbe-Vloerzegem,Idegem
1675,Smeerebbe-Vloerzegem,Appelterre-Eichem
1676,Idegem,Smeerebbe-Vloerzegem
1677,,N46:
1678,,Idegem
1679,Erpe,Burst
1680,Burst,Borsbeke
1681,Burst,Erpe
1682,Borsbeke,Herzele
1683,Borsbeke,Burst
1684,Herzele,Hillegem
1685,Herzele,Borsbeke
1686,Hillegem,Oombergen
1687,Hillegem,Herzele
1688,Oombergen,Elene
1689,Oombergen,Hillegem
1690,Elene,Velzeke
1691,Elene,Oombergen
1692,Velzeke,Hundelgem
1693,Velzeke,Elene
1694,Hundelgem,Sint-Maria-Latem
1695,Hundelgem,Velzeke
1696,Sint-Maria-Latem,Nederzwalm
1697,Sint-Maria-Latem,Hundelgem
1698,Nederzwalm,Nederename
1699,Nederzwalm,Sint-Maria-Latem
1700,Nederename,Ename
1701,Nederename,Nederzwalm
1702,Ename,Oudenaarde
1703,Ename,Nederename
1704,Oudenaarde,Leupegem
1705,Oudenaarde,Ename
1706,Leupegem,Oudenaarde
1707,,N47:
1708,,Leupegem
1709,Lokeren,Zele
1710,Zele,Grembergen
1711,Zele,Lokeren
1712,Grembergen,Dendermonde
1713,Grembergen,Zele
1714,Dendermonde,Nijverseel
1715,Dendermonde,Grembergen
1716,Nijverseel,Mazenzele
1717,Nijverseel,Dendermonde
1718,Mazenzele,Asse
1719,Mazenzele,Nijverseel
1720,Asse,Mazenzele
1721,,N48:
1722,,Asse
1723,Brakel,Vloesberg
1724,Vloesberg,Elzele
1725,Vloesberg,Brakel
1726,Elzele,Ronse
1727,Elzele,Vloesberg
1728,Ronse,Frasnes-lez-Anvaing
1729,Ronse,Elzele
1730,Frasnes-lez-Anvaing,Mont-de-l'Enclus
1731,Frasnes-lez-Anvaing,Ronse
1732,Mont-de-l'Enclus,Celles
1733,Mont-de-l'Enclus,Frasnes-lez-Anvaing
1734,Celles,Doornik
1735,Celles,Mont-de-l'Enclus
1736,Doornik,Celles
1737,,N49:
1738,,Doornik
1739,Assenede,Bassevelde
1740,Bassevelde,Kaprijke
1741,Bassevelde,Assenede
1742,Kaprijke,Maldegem
1743,Kaprijke,Bassevelde
1744,Maldegem,Westkapelle
1745,Maldegem,Kaprijke
1746,Westkapelle,Knokke
1747,Westkapelle,Maldegem
1748,Knokke,Westkapelle
1749,,N50:
1750,,Knokke
1751,Bergen,Saint-Ghislain
1752,Saint-Ghislain,Bernissart
1753,Saint-Ghislain,Bergen
1754,Bernissart,Beloeil
1755,Bernissart,Saint-Ghislain
1756,Beloeil,Peruwelz
1757,Beloeil,Bernissart
1758,Peruwelz,Leuze-en-Hainaut
1759,Peruwelz,Beloeil
1760,Leuze-en-Hainaut,Doornik
1761,Leuze-en-Hainaut,Peruwelz
1762,Doornik,Pecq
1763,Doornik,Leuze-en-Hainaut
1764,Pecq,Spiee-Helkijn
1765,Pecq,Doornik
1766,Spiee-Helkijn,Kortrijk
1767,Spiee-Helkijn,Pecq
1768,Kortrijk,Kuurne
1769,Kortrijk,Spiee-Helkijn
1770,Kuurne,Harelbeke
1771,Kuurne,Kortrijk
1772,Harelbeke,Ingelmunster
1773,Harelbeke,Kuurne
1774,Ingelmunster,Meulebeke
1775,Ingelmunster,Harelbeke
1776,Meulebeke,Ardooie
1777,Meulebeke,Ingelmunster
1778,Ardooie,Pittem
1779,Ardooie,Meulebeke
1780,Pittem,Zwevezele
1781,Pittem,Ardooie
1782,Zwevezele,Oostkamp
1783,Zwevezele,Pittem
1784,Oostkamp,Brugge
1785,Oostkamp,Zwevezele
1786,Brugge,Oostkamp
1787,,N51:
1788,,Brugge
1789,Bergen,Quaregnon
1790,Quaregnon,Saint-Ghislain
1791,Quaregnon,Bergen
1792,Saint-Ghislain,Hornu
1793,Saint-Ghislain,Quaregnon
1794,Hornu,Boussu
1795,Hornu,Saint-Ghislain
1796,Boussu,Saint-Homme
1797,Boussu,Hornu
1798,Saint-Homme,Quievrain
1799,Saint-Homme,Boussu
1800,Quievrain,Saint-Homme
1801,,N52:
1802,,Quievrain
1803,Gaurain-Ramecroix,Antoing
1804,Antoing,Bruyelle
1805,Antoing,Gaurain-Ramecroix
1806,Bruyelle,Antoing
1807,,N53:
1808,,Bruyelle
1809,Charleroi,Montignies-le-Tilleul
1810,Montignies-le-Tilleul,Bomeree
1811,Montignies-le-Tilleul,Charleroi
1812,Bomeree,Bout-la-Haut
1813,Bomeree,Montignies-le-Tilleul
1814,Bout-la-Haut,Gozee
1815,Bout-la-Haut,Bomeree
1816,Gozee,Beaumont
1817,Gozee,Bout-la-Haut
1818,Beaumont,Court-Tournant
1819,Beaumont,Gozee
1820,Court-Tournant,Rance
1821,Court-Tournant,Beaumont
1822,Rance,Chimay
1823,Rance,Court-Tournant
1824,Chimay,Rance
1825,,N54:
1826,,Chimay
1827,Charleroi,Anderlues
1828,Anderlues,Erquelinnes
1829,Anderlues,Charleroi
1830,Erquelinnes,Anderlues
1831,,N55:
1832,,Erquelinnes
1833,Edingen,Marie-Bois
1834,Marie-Bois,Patrouille
1835,Marie-Bois,Edingen
1836,Patrouille,Zinnik
1837,Patrouille,Marie-Bois
1838,Zinnik,Rouges Terres
1839,Zinnik,Patrouille
1840,Rouges Terres,Le RÅ“ulx
1841,Rouges Terres,Zinnik
1842,Le RÅ“ulx,Houdeng-GÅ“gnies
1843,Le RÅ“ulx,Rouges Terres
1844,Houdeng-GÅ“gnies,Strepy-Bracquegnies
1845,Houdeng-GÅ“gnies,Le RÅ“ulx
1846,Strepy-Bracquegnies,Saint-Vaast
1847,Strepy-Bracquegnies,Houdeng-GÅ“gnies
1848,Saint-Vaast,Pont St Vaast
1849,Saint-Vaast,Strepy-Bracquegnies
1850,Pont St Vaast,Battignies
1851,Pont St Vaast,Saint-Vaast
1852,Battignies,Binche
1853,Battignies,Pont St Vaast
1854,Binche,Merbes-Sainte-Marie
1855,Binche,Battignies
1856,Merbes-Sainte-Marie,Merbes-le-ChÃ¢teau
1857,Merbes-Sainte-Marie,Binche
1858,Merbes-le-ChÃ¢teau,Merbes-Sainte-Marie
1859,,N56:
1860,,Merbes-le-ChÃ¢teau
1861,Lessen,Rebaix
1862,Rebaix,Aat
1863,Rebaix,Lessen
1864,Aat,Lens
1865,Aat,Rebaix
1866,Lens,Jurbeke
1867,Lens,Aat
1868,Jurbeke,Nimy
1869,Jurbeke,Lens
1870,Nimy,Jurbeke
1871,,N57:
1872,,Nimy
1873,Ronse,Elzele
1874,Elzele,Vloesberg
1875,Elzele,Ronse
1876,Vloesberg,Ogy
1877,Vloesberg,Elzele
1878,Ogy,Lessen
1879,Ogy,Vloesberg
1880,Lessen,Houraing
1881,Lessen,Ogy
1882,Houraing,Pont
1883,Houraing,Lessen
1884,Pont,Gellingen
1885,Pont,Houraing
1886,Gellingen,Mauvinage
1887,Gellingen,Pont
1888,Mauvinage,Noir-Jambon
1889,Mauvinage,Gellingen
1890,Noir-Jambon,Masi
1891,Noir-Jambon,Mauvinage
1892,Masi,Zinnik
1893,Masi,Noir-Jambon
1894,Zinnik,Masi
1895,,N58:
1896,,Zinnik
1897,Dottenijs,Moeskroen
1898,Moeskroen,Lauwe
1899,Moeskroen,Dottenijs
1900,Lauwe,Geluwe
1901,Lauwe,Moeskroen
1902,Geluwe,Wervik
1903,Geluwe,Lauwe
1904,Wervik,Komen
1905,Wervik,Geluwe
1906,Komen,Ieper
1907,Komen,Wervik
1908,Ieper,Ploegsteert
1909,Ieper,Komen
1910,Ploegsteert,Ieper
1911,,N59:
1912,,Ploegsteert
1913,Feluy,Seneffe
1914,Seneffe,Manage
1915,Seneffe,Feluy
1916,Manage,Chapelle-lez-Herlaimont
1917,Manage,Seneffe
1918,Chapelle-lez-Herlaimont,Anderlues
1919,Chapelle-lez-Herlaimont,Manage
1920,Anderlues,Lobbes
1921,Anderlues,Chapelle-lez-Herlaimont
1922,Lobbes,Thuin
1923,Lobbes,Anderlues
1924,Thuin,Gozee
1925,Thuin,Lobbes
1926,Gozee,Thuin
1927,,N60:
1928,,Gozee
1929,Gent,De Pinte
1930,De Pinte,Nazareth
1931,De Pinte,Gent
1932,Nazareth,Zingem
1933,Nazareth,De Pinte
1934,Zingem,Oudenaarde
1935,Zingem,Nazareth
1936,Oudenaarde,Maarkedal
1937,Oudenaarde,Zingem
1938,Maarkedal,Ronse
1939,Maarkedal,Oudenaarde
1940,Ronse,Leuze-en-Hainaut
1941,Ronse,Maarkedal
1942,Leuze-en-Hainaut,Peruwelz
1943,Leuze-en-Hainaut,Ronse
1944,Peruwelz,Leuze-en-Hainaut
1945,,N61:
1946,,Peruwelz
1947,Chenee,Vaux-sous-Chevremont
1948,Vaux-sous-Chevremont,Chaudfontaine
1949,Vaux-sous-Chevremont,Chenee
1950,Chaudfontaine,Prayon
1951,Chaudfontaine,Vaux-sous-Chevremont
1952,Prayon,Trooz
1953,Prayon,Chaudfontaine
1954,Trooz,Fraipont
1955,Trooz,Prayon
1956,Fraipont,Nessonvaux
1957,Fraipont,Trooz
1958,Nessonvaux,Goffontaine
1959,Nessonvaux,Fraipont
1960,Goffontaine,Pepinster
1961,Goffontaine,Nessonvaux
1962,Pepinster,Ensival
1963,Pepinster,Goffontaine
1964,Ensival,Verviers
1965,Ensival,Pepinster
1966,Verviers,Stembert
1967,Verviers,Ensival
1968,Stembert,Limburg
1969,Stembert,Verviers
1970,Limburg,Baelen
1971,Limburg,Stembert
1972,Baelen,Eupen
1973,Baelen,Limburg
1974,Eupen,Baelen
1975,,N62:
1976,,Eupen
1977,Beaufays,Gomze-Andoumont
1978,Gomze-Andoumont,Louveigne
1979,Gomze-Andoumont,Beaufays
1980,Louveigne,Theux
1981,Louveigne,Gomze-Andoumont
1982,Theux,Spa
1983,Theux,Louveigne
1984,Spa,Francorchamps
1985,Spa,Theux
1986,Francorchamps,Burnenville
1987,Francorchamps,Spa
1988,Burnenville,Malmedy
1989,Burnenville,Francorchamps
1990,Malmedy,Ligneuville
1991,Malmedy,Burnenville
1992,Ligneuville,Nieder-Emmels
1993,Ligneuville,Malmedy
1994,Nieder-Emmels,Sankt Vith
1995,Nieder-Emmels,Ligneuville
1996,Sankt Vith,GrÃ¼fflingen
1997,Sankt Vith,Nieder-Emmels
1998,GrÃ¼fflingen,Oudler
1999,GrÃ¼fflingen,Sankt Vith
2000,Oudler,DÃ¼rler
2001,Oudler,GrÃ¼fflingen
2002,DÃ¼rler,Malscheid
2003,DÃ¼rler,Oudler
2004,Malscheid,DÃ¼rler
2005,,N63:
2006,,Malscheid
2007,Sclessin,Ougree
2008,Ougree,Boncelles
2009,Ougree,Sclessin
2010,Boncelles,Neupre
2011,Boncelles,Ougree
2012,Neupre,Ehein
2013,Neupre,Boncelles
2014,Ehein,Fraineux
2015,Ehein,Neupre
2016,Fraineux,Soheit-Tinlot
2017,Fraineux,Ehein
2018,Soheit-Tinlot,Terwagne
2019,Soheit-Tinlot,Fraineux
2020,Terwagne,Bois-et-Borsu
2021,Terwagne,Soheit-Tinlot
2022,Bois-et-Borsu,Mean
2023,Bois-et-Borsu,Terwagne
2024,Mean,Baillonville
2025,Mean,Bois-et-Borsu
2026,Baillonville,Marche-en-Famenne
2027,Baillonville,Mean
2028,Marche-en-Famenne,Baillonville
2029,,N64:
2030,,Marche-en-Famenne
2031,Hoei,Statte
2032,Statte,Wanze
2033,Statte,Hoei
2034,Wanze,Vinalmont
2035,Wanze,Statte
2036,Vinalmont,Dreye
2037,Vinalmont,Wanze
2038,Dreye,Latinne
2039,Dreye,Vinalmont
2040,Latinne,Lens-Saint-Remy
2041,Latinne,Dreye
2042,Lens-Saint-Remy,Villers-le-Peuplier
2043,Lens-Saint-Remy,Latinne
2044,Villers-le-Peuplier,Hannuit
2045,Villers-le-Peuplier,Lens-Saint-Remy
2046,Hannuit,Lijsem
2047,Hannuit,Villers-le-Peuplier
2048,Lijsem,Linsmeel
2049,Lijsem,Hannuit
2050,Linsmeel,Hamme
2051,Linsmeel,Lijsem
2052,Hamme,Opheylissem
2053,Hamme,Linsmeel
2054,Opheylissem,Goetsenhoven
2055,Opheylissem,Hamme
2056,Goetsenhoven,Bost
2057,Goetsenhoven,Opheylissem
2058,Bost,Tienen
2059,Bost,Goetsenhoven
2060,Tienen,Bost
2061,,N65:
2062,,Tienen
2063,Borgworm,Faimes
2064,Faimes,Viemme
2065,Faimes,Borgworm
2066,Viemme,Aineffe
2067,Viemme,Faimes
2068,Aineffe,Chapon-Seraing
2069,Aineffe,Viemme
2070,Chapon-Seraing,Villers-le-Bouillet
2071,Chapon-Seraing,Aineffe
2072,Villers-le-Bouillet,Hoei
2073,Villers-le-Bouillet,Chapon-Seraing
2074,Hoei,Villers-le-Bouillet
2075,,N66:
2076,,Hoei
2077,Hoei,Tihange
2078,Tihange,La Sarte
2079,Tihange,Hoei
2080,La Sarte,Stree
2081,La Sarte,Tihange
2082,Stree,Abee
2083,Stree,La Sarte
2084,Abee,Tinlot
2085,Abee,Stree
2086,Tinlot,Seny
2087,Tinlot,Abee
2088,Seny,Warzee
2089,Seny,Tinlot
2090,Warzee,Ouffet
2091,Warzee,Seny
2092,Ouffet,Hamoir
2093,Ouffet,Warzee
2094,Hamoir,Filot
2095,Hamoir,Ouffet
2096,Filot,My
2097,Filot,Hamoir
2098,My,Ferrieres
2099,My,Filot
2100,Ferrieres,Werbomont
2101,Ferrieres,My
2102,Werbomont,Habiemont
2103,Werbomont,Ferrieres
2104,Habiemont,Chauveheid
2105,Habiemont,Werbomont
2106,Chauveheid,Haute-Bodeux
2107,Chauveheid,Habiemont
2108,Haute-Bodeux,Basse-Bodeux
2109,Haute-Bodeux,Chauveheid
2110,Basse-Bodeux,Trois-Ponts
2111,Basse-Bodeux,Haute-Bodeux
2112,Trois-Ponts,Basse-Bodeux
2113,,N67:
2114,,Trois-Ponts
2115,Welkenraedt,Eupen
2116,Eupen,Welkenraedt
2117,,N68:
2118,,Eupen
2119,Eynatterheide,Eynatten
2120,Eynatten,Kettenis
2121,Eynatten,Eynatterheide
2122,Kettenis,Eupen
2123,Kettenis,Eynatten
2124,Eupen,Mont
2125,Eupen,Kettenis
2126,Mont,Beverce
2127,Mont,Eupen
2128,Beverce,Malmedy
2129,Beverce,Mont
2130,Malmedy,Burnenville
2131,Malmedy,Beverce
2132,Burnenville,Stavelot
2133,Burnenville,Malmedy
2134,Stavelot,Trois-Ponts
2135,Stavelot,Burnenville
2136,Trois-Ponts,Rochelinval
2137,Trois-Ponts,Stavelot
2138,Rochelinval,Grand-Halleux
2139,Rochelinval,Trois-Ponts
2140,Grand-Halleux,Vielsalm
2141,Grand-Halleux,Rochelinval
2142,Vielsalm,SalmchÃ¢teau
2143,Vielsalm,Grand-Halleux
2144,SalmchÃ¢teau,Provedroux
2145,SalmchÃ¢teau,Vielsalm
2146,Provedroux,Cierreux
2147,Provedroux,SalmchÃ¢teau
2148,Cierreux,Honvelez
2149,Cierreux,Provedroux
2150,Honvelez,Bovigny
2151,Honvelez,Cierreux
2152,Bovigny,Beho
2153,Bovigny,Honvelez
2154,Beho,Deiffelt
2155,Beho,Bovigny
2156,Deiffelt,Beho
2157,,N69:
2158,,Deiffelt
2159,Tongeren,Koninksem
2160,Koninksem,Oerle
2161,Koninksem,Tongeren
2162,Oerle,Borgworm
2163,Oerle,Koninksem
2164,Borgworm,Grand-Axhe
2165,Borgworm,Oerle
2166,Grand-Axhe,Omal
2167,Grand-Axhe,Borgworm
2168,Omal,Braives
2169,Omal,Grand-Axhe
2170,Braives,Moxhe bij Hannuit
2171,Braives,Omal
2172,Moxhe bij Hannuit,Braives
2173,,N70:
2174,,Moxhe bij Hannuit
2175,Gent,Sint-Amandsberg
2176,Sint-Amandsberg,Oostakker
2177,Sint-Amandsberg,Gent
2178,Oostakker,Lochristi
2179,Oostakker,Sint-Amandsberg
2180,Lochristi,Zeveneken
2181,Lochristi,Oostakker
2182,Zeveneken,Lokeren
2183,Zeveneken,Lochristi
2184,Lokeren,Waasmunster
2185,Lokeren,Zeveneken
2186,Waasmunster,Sinaai
2187,Waasmunster,Lokeren
2188,Sinaai,Belsele
2189,Sinaai,Waasmunster
2190,Belsele,Sint-Niklaas
2191,Belsele,Sinaai
2192,Sint-Niklaas,Nieuwkerken-Waas
2193,Sint-Niklaas,Belsele
2194,Nieuwkerken-Waas,Haasdonk
2195,Nieuwkerken-Waas,Sint-Niklaas
2196,Haasdonk,Beveren-Waas
2197,Haasdonk,Nieuwkerken-Waas
2198,Beveren-Waas,Melsele
2199,Beveren-Waas,Haasdonk
2200,Melsele,Zwijndrecht
2201,Melsele,Beveren-Waas
2202,Zwijndrecht,Antwerpen
2203,Zwijndrecht,Melsele
2204,Antwerpen,Zwijndrecht
2205,,N71:
2206,,Antwerpen
2207,Hamont,Achel
2208,Achel,Neerpelt
2209,Achel,Hamont
2210,Neerpelt,Holven
2211,Neerpelt,Achel
2212,Holven,Kattenbos
2213,Holven,Neerpelt
2214,Kattenbos,Lommel
2215,Kattenbos,Holven
2216,Lommel,Mol
2217,Lommel,Kattenbos
2218,Mol,Heidehuizen
2219,Mol,Lommel
2220,Heidehuizen,Bel
2221,Heidehuizen,Mol
2222,Bel,Geel
2223,Bel,Heidehuizen
2224,Geel,Bel
2225,,N72:
2226,,Geel
2227,Zonhoven,Zolder
2228,Zolder,Boekt
2229,Zolder,Zonhoven
2230,Boekt,Heusden
2231,Boekt,Zolder
2232,Heusden,Beringen
2233,Heusden,Boekt
2234,Beringen,Beverlo
2235,Beringen,Heusden
2236,Beverlo,Heppen
2237,Beverlo,Beringen
2238,Heppen,Beverlo
2239,,N73:
2240,,Heppen
2241,Tessenderlo,Heppen
2242,Heppen,Leopoldsburg
2243,Heppen,Tessenderlo
2244,Leopoldsburg,Hechtel
2245,Leopoldsburg,Heppen
2246,Hechtel,Peer
2247,Hechtel,Leopoldsburg
2248,Peer,Bree
2249,Peer,Hechtel
2250,Bree,Kinrooi
2251,Bree,Peer
2252,Kinrooi,Kessenich
2253,Kinrooi,Bree
2254,Kessenich,Kinrooi
2255,,N74:
2256,,Kessenich
2257,Lommel,Neerpelt
2258,Neerpelt,Overpelt
2259,Neerpelt,Lommel
2260,Overpelt,Lindel
2261,Overpelt,Neerpelt
2262,Lindel,Hechtel
2263,Lindel,Overpelt
2264,Hechtel,Helchteren
2265,Hechtel,Lindel
2266,Helchteren,Zonhoven
2267,Helchteren,Hechtel
2268,Zonhoven,Hasselt
2269,Zonhoven,Helchteren
2270,Hasselt,Zonhoven
2271,,N75:
2272,,Hasselt
2273,Hasselt,Bokrijk
2274,Bokrijk,Genk
2275,Bokrijk,Hasselt
2276,Genk,As
2277,Genk,Bokrijk
2278,As,Dilsen
2279,As,Genk
2280,Dilsen,As
2281,,N76:
2282,,Dilsen
2283,Borgloon,Kerniel
2284,Kerniel,Vrolingen
2285,Kerniel,Borgloon
2286,Vrolingen,Kortessem
2287,Vrolingen,Kerniel
2288,Kortessem,Diepenbeek
2289,Kortessem,Vrolingen
2290,Diepenbeek,Rozendaal
2291,Diepenbeek,Kortessem
2292,Rozendaal,Genk
2293,Rozendaal,Diepenbeek
2294,Genk,Opglabbeek
2295,Genk,Rozendaal
2296,Opglabbeek,Plokrooi
2297,Opglabbeek,Genk
2298,Plokrooi,Meeuwen
2299,Plokrooi,Opglabbeek
2300,Meeuwen,Wijshagen
2301,Meeuwen,Plokrooi
2302,Wijshagen,Bree
2303,Wijshagen,Meeuwen
2304,Bree,Gerdingen
2305,Bree,Wijshagen
2306,Gerdingen,Beek
2307,Gerdingen,Bree
2308,Beek,Bocholt
2309,Beek,Gerdingen
2310,Bocholt,Lozen
2311,Bocholt,Beek
2312,Lozen,Hamont
2313,Lozen,Bocholt
2314,Hamont,Lozen
2315,,N77:
2316,,Hamont
2317,Genk,Daal
2318,Daal,Zutendaal
2319,Daal,Genk
2320,Zutendaal,Bessemer
2321,Zutendaal,Daal
2322,Bessemer,Lanaken
2323,Bessemer,Zutendaal
2324,Lanaken,Smeermaas
2325,Lanaken,Bessemer
2326,Smeermaas,Lanaken
2327,,N78:
2328,,Smeermaas
2329,Vroenhoven,Kesselt
2330,Kesselt,Lanaken
2331,Kesselt,Vroenhoven
2332,Lanaken,Neerharen
2333,Lanaken,Kesselt
2334,Neerharen,Rekem
2335,Neerharen,Lanaken
2336,Rekem,Maasmechelen
2337,Rekem,Neerharen
2338,Maasmechelen,Vucht
2339,Maasmechelen,Rekem
2340,Vucht,Eisden
2341,Vucht,Maasmechelen
2342,Eisden,Lanklaar
2343,Eisden,Vucht
2344,Lanklaar,Stokkem
2345,Lanklaar,Eisden
2346,Stokkem,Dilsen
2347,Stokkem,Lanklaar
2348,Dilsen,Rotem
2349,Dilsen,Stokkem
2350,Rotem,Elen
2351,Rotem,Dilsen
2352,Elen,Maaseik
2353,Elen,Rotem
2354,Maaseik,Ophoven
2355,Maaseik,Elen
2356,Ophoven,Geistingen
2357,Ophoven,Maaseik
2358,Geistingen,Kessenich
2359,Geistingen,Ophoven
2360,Kessenich,Geistingen
2361,,N79:
2362,,Kessenich
2363,Sint-Truiden,Ordingen
2364,Ordingen,Hoepertingen
2365,Ordingen,Sint-Truiden
2366,Hoepertingen,Borgloon
2367,Hoepertingen,Ordingen
2368,Borgloon,Tongeren
2369,Borgloon,Hoepertingen
2370,Tongeren,Herderen
2371,Tongeren,Borgloon
2372,Herderen,Riemst
2373,Herderen,Tongeren
2374,Riemst,Vroenhoven
2375,Riemst,Herderen
2376,Vroenhoven,Riemst
2377,,N80:
2378,,Vroenhoven
2379,Namen,Bouge
2380,Bouge,Boninne
2381,Bouge,Namen
2382,Boninne,Hingeon
2383,Boninne,Bouge
2384,Hingeon,Pontillas
2385,Hingeon,Boninne
2386,Pontillas,Bierwart
2387,Pontillas,Hingeon
2388,Bierwart,Burdinne
2389,Bierwart,Pontillas
2390,Burdinne,Moxhe
2391,Burdinne,Bierwart
2392,Moxhe,Hannuit
2393,Moxhe,Burdinne
2394,Hannuit,Walshoutem
2395,Hannuit,Moxhe
2396,Walshoutem,Gingelom
2397,Walshoutem,Hannuit
2398,Gingelom,Bevingen
2399,Gingelom,Walshoutem
2400,Bevingen,Sint-Truiden
2401,Bevingen,Gingelom
2402,Sint-Truiden,Alken
2403,Sint-Truiden,Bevingen
2404,Alken,Hasselt
2405,Alken,Sint-Truiden
2406,Hasselt,Alken
2407,,N81:
2408,,Hasselt
2409,Aarlen,Messancy
2410,Messancy,Aubange
2411,Messancy,Aarlen
2412,Aubange,Athus
2413,Aubange,Messancy
2414,Athus,Aubange
2415,,N82:
2416,,Athus
2417,Viville,Aarlen
2418,Aarlen,ChÃ¢tillon
2419,Aarlen,Viville
2420,ChÃ¢tillon,Saint-Leger
2421,ChÃ¢tillon,Aarlen
2422,Saint-Leger,Ethe
2423,Saint-Leger,ChÃ¢tillon
2424,Ethe,Virton
2425,Ethe,Saint-Leger
2426,Virton,Ethe
2427,,N83:
2428,,Virton
2429,Aarlen,Stockem
2430,Stockem,Fouches
2431,Stockem,Aarlen
2432,Fouches,Sampont
2433,Fouches,Stockem
2434,Sampont,Villers-Tortrue
2435,Sampont,Fouches
2436,Villers-Tortrue,Vance
2437,Villers-Tortrue,Sampont
2438,Vance,Sivry
2439,Vance,Villers-Tortrue
2440,Sivry,etalle
2441,Sivry,Vance
2442,etalle,Sainte-Marie
2443,etalle,Sivry
2444,Sainte-Marie,Han
2445,Sainte-Marie,etalle
2446,Han,Tintigny
2447,Han,Sainte-Marie
2448,Tintigny,Breuvanne
2449,Tintigny,Han
2450,Breuvanne,Frenois
2451,Breuvanne,Tintigny
2452,Frenois,Jamoigne
2453,Frenois,Breuvanne
2454,Jamoigne,Pinsamont
2455,Jamoigne,Frenois
2456,Pinsamont,Florenville
2457,Pinsamont,Jamoigne
2458,Florenville,Chassepierre
2459,Florenville,Pinsamont
2460,Chassepierre,Sainte-Cecile
2461,Chassepierre,Florenville
2462,Sainte-Cecile,Bouillon
2463,Sainte-Cecile,Chassepierre
2464,Bouillon,Sainte-Cecile
2465,,N84:
2466,,Bouillon
2467,Bastenaken,Marvie
2468,Marvie,Wardin
2469,Marvie,Bastenaken
2470,Wardin,Bras
2471,Wardin,Marvie
2472,Bras,Wardin
2473,,N85:
2474,,Bras
2475,Bastenaken,Villeroux
2476,Villeroux,Sibret
2477,Villeroux,Bastenaken
2478,Sibret,Morhet-Station
2479,Sibret,Villeroux
2480,Morhet-Station,Rosieres-la-Petite
2481,Morhet-Station,Sibret
2482,Rosieres-la-Petite,Vaux-sur-SÃ»re
2483,Rosieres-la-Petite,Morhet-Station
2484,Vaux-sur-SÃ»re,Bercheux
2485,Vaux-sur-SÃ»re,Rosieres-la-Petite
2486,Bercheux,Molinfaing
2487,Bercheux,Vaux-sur-SÃ»re
2488,Molinfaing,Longlier
2489,Molinfaing,Bercheux
2490,Longlier,NeufchÃ¢teau
2491,Longlier,Molinfaing
2492,NeufchÃ¢teau,Grapfontaine
2493,NeufchÃ¢teau,Longlier
2494,Grapfontaine,Montplainchamps
2495,Grapfontaine,NeufchÃ¢teau
2496,Montplainchamps,Hosseuse
2497,Montplainchamps,Grapfontaine
2498,Hosseuse,Straimont
2499,Hosseuse,Montplainchamps
2500,Straimont,Lacuisine
2501,Straimont,Hosseuse
2502,Lacuisine,Florenville
2503,Lacuisine,Straimont
2504,Florenville,Lacuisine
2505,,N86:
2506,,Florenville
2507,Aywaille,Xhoris
2508,Xhoris,Ferrieres
2509,Xhoris,Aywaille
2510,Ferrieres,My
2511,Ferrieres,Xhoris
2512,My,Vieuxville
2513,My,Ferrieres
2514,Vieuxville,Bomal-sur-Ourthe
2515,Vieuxville,My
2516,Bomal-sur-Ourthe,Barvaux-sur-Ourthe
2517,Bomal-sur-Ourthe,Vieuxville
2518,Barvaux-sur-Ourthe,Melreux
2519,Barvaux-sur-Ourthe,Bomal-sur-Ourthe
2520,Melreux,Hotton
2521,Melreux,Barvaux-sur-Ourthe
2522,Hotton,Marche-en-Famenne
2523,Hotton,Melreux
2524,Marche-en-Famenne,Waha
2525,Marche-en-Famenne,Hotton
2526,Waha,Marloie
2527,Waha,Marche-en-Famenne
2528,Marloie,Hargimont
2529,Marloie,Waha
2530,Hargimont,On
2531,Hargimont,Marloie
2532,On,Jemelle
2533,On,Hargimont
2534,Jemelle,Rochefort
2535,Jemelle,On
2536,Rochefort,Han-sur-Lesse
2537,Rochefort,Jemelle
2538,Han-sur-Lesse,Ave-et-Auffe
2539,Han-sur-Lesse,Rochefort
2540,Ave-et-Auffe,Han-sur-Lesse
2541,,N87:
2542,,Ave-et-Auffe
2543,Parette,Heinstert
2544,Heinstert,Habay-la-Neuve
2545,Heinstert,Parette
2546,Habay-la-Neuve,etalle
2547,Habay-la-Neuve,Heinstert
2548,etalle,Fratin
2549,etalle,Habay-la-Neuve
2550,Fratin,Buzenol
2551,Fratin,etalle
2552,Buzenol,Belle Vue
2553,Buzenol,Fratin
2554,Belle Vue,Virton
2555,Belle Vue,Buzenol
2556,Virton,Saint-Mard
2557,Virton,Belle Vue
2558,Saint-Mard,Virton
2559,,N88:
2560,,Saint-Mard
2561,Florenville,Pin
2562,Pin,Villers-devant-Orval
2563,Pin,Florenville
2564,Villers-devant-Orval,Limes
2565,Villers-devant-Orval,Pin
2566,Limes,Gerouville
2567,Limes,Villers-devant-Orval
2568,Gerouville,Meix-devant-Virton
2569,Gerouville,Limes
2570,Meix-devant-Virton,Berchiwe
2571,Meix-devant-Virton,Gerouville
2572,Berchiwe,Houdrigny
2573,Berchiwe,Meix-devant-Virton
2574,Houdrigny,Dampicourt
2575,Houdrigny,Berchiwe
2576,Dampicourt,Virton
2577,Dampicourt,Houdrigny
2578,Virton,Saint-Mard
2579,Virton,Dampicourt
2580,Saint-Mard,Chenois
2581,Saint-Mard,Virton
2582,Chenois,Latour
2583,Chenois,Saint-Mard
2584,Latour,Ruette
2585,Latour,Chenois
2586,Ruette,Signeulx
2587,Ruette,Latour
2588,Signeulx,Baranzy
2589,Signeulx,Ruette
2590,Baranzy,Musson
2591,Baranzy,Signeulx
2592,Musson,Halanzy
2593,Musson,Baranzy
2594,Halanzy,Aix-sur-Cloie
2595,Halanzy,Musson
2596,Aix-sur-Cloie,Aubange
2597,Aix-sur-Cloie,Halanzy
2598,Aubange,Athus
2599,Aubange,Aix-sur-Cloie
2600,Athus,Petange
2601,Athus,Aubange
2602,Petange,Athus
2603,,N89:
2604,,Petange
2605,SalmchÃ¢teau,La Comte
2606,La Comte,Joubieval
2607,La Comte,SalmchÃ¢teau
2608,Joubieval,Hebronval
2609,Joubieval,La Comte
2610,Hebronval,Regne
2611,Hebronval,Joubieval
2612,Regne,Baraque de Fraiture
2613,Regne,Hebronval
2614,Baraque de Fraiture,Samree
2615,Baraque de Fraiture,Regne
2616,Samree,La Roche-en-Ardenne
2617,Samree,Baraque de Fraiture
2618,La Roche-en-Ardenne,Beausaint
2619,La Roche-en-Ardenne,Samree
2620,Beausaint,Vecmont
2621,Beausaint,La Roche-en-Ardenne
2622,Vecmont,Champlon
2623,Vecmont,Beausaint
2624,Champlon,Saint-Hubert
2625,Champlon,Vecmont
2626,Saint-Hubert,Vesqueville
2627,Saint-Hubert,Champlon
2628,Vesqueville,Bras
2629,Vesqueville,Saint-Hubert
2630,Bras,Libramont
2631,Bras,Vesqueville
2632,Libramont,Recogne
2633,Libramont,Bras
2634,Recogne,Bertrix
2635,Recogne,Libramont
2636,Bertrix,Assenois
2637,Bertrix,Recogne
2638,Assenois,Fays-les-Veneurs
2639,Assenois,Bertrix
2640,Fays-les-Veneurs,Plainevaux
2641,Fays-les-Veneurs,Assenois
2642,Plainevaux,Noirefontaine
2643,Plainevaux,Fays-les-Veneurs
2644,Noirefontaine,Curfoz
2645,Noirefontaine,Plainevaux
2646,Curfoz,Bouillon
2647,Curfoz,Noirefontaine
2648,Bouillon,La Chapelle
2649,Bouillon,Curfoz
2650,La Chapelle,Bouillon
2651,,N90:
2652,,La Chapelle
2653,Bergen,Saint-Symphorien
2654,Saint-Symphorien,Villers-Saint-Ghislain
2655,Saint-Symphorien,Bergen
2656,Villers-Saint-Ghislain,Bray
2657,Villers-Saint-Ghislain,Saint-Symphorien
2658,Bray,Waudrez
2659,Bray,Villers-Saint-Ghislain
2660,Waudrez,Binche
2661,Waudrez,Bray
2662,Binche,epinois
2663,Binche,Waudrez
2664,epinois,Anderlues
2665,epinois,Binche
2666,Anderlues,Fontaine-l'Eveque
2667,Anderlues,epinois
2668,Fontaine-l'Eveque,Goutroux
2669,Fontaine-l'Eveque,Anderlues
2670,Goutroux,Monceau-sur-Sambre
2671,Goutroux,Fontaine-l'Eveque
2672,Monceau-sur-Sambre,Marchienne-au-Pont
2673,Monceau-sur-Sambre,Goutroux
2674,Marchienne-au-Pont,Dampremy
2675,Marchienne-au-Pont,Monceau-sur-Sambre
2676,Dampremy,Charleroi
2677,Dampremy,Marchienne-au-Pont
2678,Charleroi,Marcinelle
2679,Charleroi,Dampremy
2680,Marcinelle,Gilly
2681,Marcinelle,Charleroi
2682,Gilly,ChÃ¢telineau
2683,Gilly,Marcinelle
2684,ChÃ¢telineau,Pironchamps
2685,ChÃ¢telineau,Gilly
2686,Pironchamps,Farciennes
2687,Pironchamps,ChÃ¢telineau
2688,Farciennes,Moignelee
2689,Farciennes,Pironchamps
2690,Moignelee,Tamines
2691,Moignelee,Farciennes
2692,Tamines,Sambreville
2693,Tamines,Moignelee
2694,Sambreville,Auvelais
2695,Sambreville,Tamines
2696,Auvelais,Jemeppe-sur-Sambre
2697,Auvelais,Sambreville
2698,Jemeppe-sur-Sambre,Moustier-sur-Sambre
2699,Jemeppe-sur-Sambre,Auvelais
2700,Moustier-sur-Sambre,Mornimont
2701,Moustier-sur-Sambre,Jemeppe-sur-Sambre
2702,Mornimont,Floreffe
2703,Mornimont,Moustier-sur-Sambre
2704,Floreffe,Malonne
2705,Floreffe,Mornimont
2706,Malonne,Namen
2707,Malonne,Floreffe
2708,Namen,Jambes
2709,Namen,Malonne
2710,Jambes,Lives-sur-Meuse
2711,Jambes,Namen
2712,Lives-sur-Meuse,Nameche
2713,Lives-sur-Meuse,Jambes
2714,Nameche,Sclayn
2715,Nameche,Lives-sur-Meuse
2716,Sclayn,Andenne
2717,Sclayn,Nameche
2718,Andenne,Ben-Ahin
2719,Andenne,Sclayn
2720,Ben-Ahin,Hoei
2721,Ben-Ahin,Andenne
2722,Hoei,Tihange
2723,Hoei,Ben-Ahin
2724,Tihange,Neuville-sous-Huy
2725,Tihange,Hoei
2726,Neuville-sous-Huy,Ombret
2727,Neuville-sous-Huy,Tihange
2728,Ombret,Hermalle-sous-Huy
2729,Ombret,Neuville-sous-Huy
2730,Hermalle-sous-Huy,Clermont-sous-Huy
2731,Hermalle-sous-Huy,Ombret
2732,Clermont-sous-Huy,Ivoz-Ramet
2733,Clermont-sous-Huy,Hermalle-sous-Huy
2734,Ivoz-Ramet,Jemeppe-sur-Meuse
2735,Ivoz-Ramet,Clermont-sous-Huy
2736,Jemeppe-sur-Meuse,Seraing
2737,Jemeppe-sur-Meuse,Ivoz-Ramet
2738,Seraing,Ougree
2739,Seraing,Jemeppe-sur-Meuse
2740,Ougree,Angleur
2741,Ougree,Seraing
2742,Angleur,Luik
2743,Angleur,Ougree
2744,Luik,Bressoux
2745,Luik,Angleur
2746,Bressoux,Luik
2747,,N91:
2748,,Bressoux
2749,Hamme-Mille,Nodebeek (Nodebais)
2750,Nodebeek (Nodebais),Pietrebais
2751,Nodebeek (Nodebais),Hamme-Mille
2752,Pietrebais,Roux-Miroir
2753,Pietrebais,Nodebeek (Nodebais)
2754,Roux-Miroir,Incourt
2755,Roux-Miroir,Pietrebais
2756,Incourt,Opprebais
2757,Incourt,Roux-Miroir
2758,Opprebais,Thorembais-les-Beguines
2759,Opprebais,Incourt
2760,Thorembais-les-Beguines,Petit-Rosiere
2761,Thorembais-les-Beguines,Opprebais
2762,Petit-Rosiere,Grand-Rosiere-Hottomont
2763,Petit-Rosiere,Thorembais-les-Beguines
2764,Grand-Rosiere-Hottomont,Noville-sur-Mehaigne
2765,Grand-Rosiere-Hottomont,Petit-Rosiere
2766,Noville-sur-Mehaigne,eghezee
2767,Noville-sur-Mehaigne,Grand-Rosiere-Hottomont
2768,eghezee,Longchamps
2769,eghezee,Noville-sur-Mehaigne
2770,Longchamps,Leuze
2771,Longchamps,eghezee
2772,Leuze,Waret-la-Chaussee
2773,Leuze,Longchamps
2774,Waret-la-Chaussee,Cognelee
2775,Waret-la-Chaussee,Leuze
2776,Cognelee,Champion
2777,Cognelee,Waret-la-Chaussee
2778,Champion,Namen
2779,Champion,Cognelee
2780,Namen,Champion
2781,,N92:
2782,,Namen
2783,Namen,Salzinnes
2784,Salzinnes,Wepion
2785,Salzinnes,Namen
2786,Wepion,Profondeville
2787,Wepion,Salzinnes
2788,Profondeville,Godinne
2789,Profondeville,Wepion
2790,Godinne,Yvoir
2791,Godinne,Profondeville
2792,Yvoir,Anhee
2793,Yvoir,Godinne
2794,Anhee,Houx
2795,Anhee,Yvoir
2796,Houx,Bouvignes-sur-Meuse
2797,Houx,Anhee
2798,Bouvignes-sur-Meuse,Dinant
2799,Bouvignes-sur-Meuse,Houx
2800,Dinant,Bouvignes-sur-Meuse
2801,,N93:
2802,,Dinant
2803,Nijvel,Thines
2804,Thines,Houtain-le-Val
2805,Thines,Nijvel
2806,Houtain-le-Val,Baisy-Thy
2807,Houtain-le-Val,Thines
2808,Baisy-Thy,Sart-Dames-Avelines
2809,Baisy-Thy,Houtain-le-Val
2810,Sart-Dames-Avelines,Marbais
2811,Sart-Dames-Avelines,Baisy-Thy
2812,Marbais,Sombreffe
2813,Marbais,Sart-Dames-Avelines
2814,Sombreffe,Bothey
2815,Sombreffe,Marbais
2816,Bothey,Mazy
2817,Bothey,Sombreffe
2818,Mazy,Spy
2819,Mazy,Bothey
2820,Spy,Temploux
2821,Spy,Mazy
2822,Temploux,Suarlee
2823,Temploux,Spy
2824,Suarlee,Belgrade
2825,Suarlee,Temploux
2826,Belgrade,Suarlee
2827,,N94:
2828,,Belgrade
2829,Dinant,Drehance
2830,Drehance,Boisselles
2831,Drehance,Dinant
2832,Boisselles,Celles
2833,Boisselles,Drehance
2834,Celles,Custinne
2835,Celles,Boisselles
2836,Custinne,Ver
2837,Custinne,Celles
2838,Ver,Ciergnon
2839,Ver,Custinne
2840,Ciergnon,Vignee
2841,Ciergnon,Ver
2842,Vignee,Villers-sur-Lesse
2843,Vignee,Ciergnon
2844,Villers-sur-Lesse,Genimont
2845,Villers-sur-Lesse,Vignee
2846,Genimont,Ave-et-Auffe
2847,Genimont,Villers-sur-Lesse
2848,Ave-et-Auffe,Wellin
2849,Ave-et-Auffe,Genimont
2850,Wellin,Halma
2851,Wellin,Ave-et-Auffe
2852,Halma,Wellin
2853,,N95:
2854,,Halma
2855,Dinant,Anseremme
2856,Anseremme,Falmignoul
2857,Anseremme,Dinant
2858,Falmignoul,Falmagne
2859,Falmignoul,Anseremme
2860,Falmagne,Mesnil-Saint-Blaise
2861,Falmagne,Falmignoul
2862,Mesnil-Saint-Blaise,Feschaux
2863,Mesnil-Saint-Blaise,Falmagne
2864,Feschaux,Baronville
2865,Feschaux,Mesnil-Saint-Blaise
2866,Baronville,Beauraing
2867,Baronville,Feschaux
2868,Beauraing,PondrÃ´me
2869,Beauraing,Baronville
2870,PondrÃ´me,Voneche
2871,PondrÃ´me,Beauraing
2872,Voneche,Malvoisin
2873,Voneche,PondrÃ´me
2874,Malvoisin,Gribelle
2875,Malvoisin,Voneche
2876,Gribelle,Gedinne Station
2877,Gribelle,Malvoisin
2878,Gedinne Station,Bievre
2879,Gedinne Station,Gribelle
2880,Bievre,Baillamont
2881,Bievre,Gedinne Station
2882,Baillamont,Carlsbourg
2883,Baillamont,Bievre
2884,Carlsbourg,Mogimont
2885,Carlsbourg,Baillamont
2886,Mogimont,Carlsbourg
2887,,N96:
2888,,Mogimont
2889,Anhee,Bouvignes-sur-Meuse
2890,Bouvignes-sur-Meuse,Dinant
2891,Bouvignes-sur-Meuse,Anhee
2892,Dinant,Anseremme
2893,Dinant,Bouvignes-sur-Meuse
2894,Anseremme,Waulsort
2895,Anseremme,Dinant
2896,Waulsort,Hastiere-Lavaux
2897,Waulsort,Anseremme
2898,Hastiere-Lavaux,Hermeton-sur-Meuse
2899,Hastiere-Lavaux,Waulsort
2900,Hermeton-sur-Meuse,Heer-Agimont
2901,Hermeton-sur-Meuse,Hastiere-Lavaux
2902,Heer-Agimont,Hermeton-sur-Meuse
2903,,N97:
2904,,Heer-Agimont
2905,Philippeville,Vodecee
2906,Vodecee,Rosee
2907,Vodecee,Philippeville
2908,Rosee,Morville
2909,Rosee,Vodecee
2910,Morville,Anthee
2911,Morville,Rosee
2912,Anthee,Gerin
2913,Anthee,Morville
2914,Gerin,Onhaye
2915,Gerin,Anthee
2916,Onhaye,Anseremme
2917,Onhaye,Gerin
2918,Anseremme,Drehance
2919,Anseremme,Onhaye
2920,Drehance,Boisselles
2921,Drehance,Anseremme
2922,Boisselles,Achene
2923,Boisselles,Drehance
2924,Achene,Fays
2925,Achene,Boisselles
2926,Fays,Ciney
2927,Fays,Achene
2928,Ciney,Biron
2929,Ciney,Fays
2930,Biron,Emptinne
2931,Biron,Ciney
2932,Emptinne,Hamois
2933,Emptinne,Biron
2934,Hamois,Bormenville
2935,Hamois,Emptinne
2936,Bormenville,Havelange
2937,Bormenville,Hamois
2938,Havelange,Bormenville
2939,,N98:
2940,,Havelange
2941,Ligny,Velaine-sur-Sambre
2942,Velaine-sur-Sambre,Auvelais
2943,Velaine-sur-Sambre,Ligny
2944,Auvelais,Arsimont
2945,Auvelais,Velaine-sur-Sambre
2946,Arsimont,Nevremont
2947,Arsimont,Auvelais
2948,Nevremont,Fosses-la-Ville
2949,Nevremont,Arsimont
2950,Fosses-la-Ville,Pontaury
2951,Fosses-la-Ville,Nevremont
2952,Pontaury,Mettet
2953,Pontaury,Fosses-la-Ville
2954,Mettet,Stave
2955,Mettet,Pontaury
2956,Stave,Florennes
2957,Stave,Mettet
2958,Florennes,Chaumont
2959,Florennes,Stave
2960,Chaumont,Vodecee
2961,Chaumont,Florennes
2962,Vodecee,Chaumont
2963,,N99:
2964,,Vodecee
2965,Doische,Gimnee
2966,Gimnee,Niverlee
2967,Gimnee,Doische
2968,Niverlee,Mazee
2969,Niverlee,Gimnee
2970,Mazee,Treignes
2971,Mazee,Niverlee
2972,Treignes,Vierves-sur-Viroin
2973,Treignes,Mazee
2974,Vierves-sur-Viroin,Olloy-sur-Viroin
2975,Vierves-sur-Viroin,Treignes
2976,Olloy-sur-Viroin,Nismes
2977,Olloy-sur-Viroin,Vierves-sur-Viroin
2978,Nismes,Petigny
2979,Nismes,Olloy-sur-Viroin
2980,Petigny,Couvin
2981,Petigny,Nismes
2982,Couvin,Boutonville
2983,Couvin,Petigny
2984,Boutonville,Baileux
2985,Boutonville,Couvin
2986,Baileux,Chimay
2987,Baileux,Boutonville
2988,Chimay,Saint-Remy
2989,Chimay,Baileux
2990,Saint-Remy,Villers-la-Tour
2991,Saint-Remy,Chimay
2992,Villers-la-Tour,Seloignes
2993,Villers-la-Tour,Saint-Remy
2994,Seloignes,Macquenoise
2995,Seloignes,Villers-la-Tour
