,place_name
0,Bruxelles
1,Laeken
2,Schaerbeek
3,Etterbeek
4,Ixelles
5,Saint-Gilles
6,Anderlecht
7,Molenbeek-Saint-Jean
8,Koekelberg
9,Berchem-Sainte-Agathe
10,Ganshoren
11,Jette
12,Neder-Over-Heembeek
13,Haren
14,Evere
15,Woluwe-Saint-Pierre
16,Auderghem
17,Watermael-Boitsfort
18,Uccle
19,Forest
20,Woluwe-Saint-Lambert
21,Saint-Josse-Ten-Noode
22,Antwerpen
23,Antwerpen
24,Antwerpen
25,Antwerpen
26,Antwerpen
27,Lillo
28,Zandvliet
29,Berendrecht
30,Antwerpen
31,Antwerpen
32,Burcht
33,Zwijndrecht
34,Deurne
35,Wijnegem
36,Borgerhout
37,Borsbeek
38,Wommelgem
39,Merksem
40,Ekeren
41,Noorderwijk
42,Herentals
43,Morkhoven
44,Hallaar
45,Heist-Op-Den-Berg
46,Booischot
47,Wiekevorst
48,Itegem
49,Schriek
50,Herselt
51,Ramsel
52,Houtvenne
53,Hulshout
54,Westmeerbeek
55,Viersel
56,Zandhoven
57,Massenhoven
58,Pulderbos
59,Pulle
60,Olen
61,Zoerle-Parwijs
62,Westerlo
63,Tongerlo
64,Oevel
65,Herenthout
66,Gierle
67,Wechelderzande
68,Lille
69,Poederlee
70,Grobbendonk
71,Bouwel
72,Vorselaar
73,Turnhout
74,Rijkevorsel
75,Hoogstraten
76,Meer
77,Minderhout
78,Wortel
79,Meerle
80,Merksplas
81,Beerse
82,Vlimmeren
83,Vosselaar
84,Oud-Turnhout
85,Arendonk
86,Ravels
87,Weelde
88,Poppel
89,Baarle-Hertog
90,Oostmalle
91,Westmalle
92,Malle
93,Mol
94,Eindhout
95,Vorst
96,Laakdal
97,Veerle
98,Varendonk
99,Geel
100,Meerhout
101,Tielen
102,Kasterlee
103,Lichtaart
104,Retie
105,Dessel
106,Balen
107,Olmen
108,Lier
109,Koningshooikt
110,Ranst
111,Emblem
112,Oelegem
113,Broechem
114,Boechout
115,Vremde
116,Hove
117,Lint
118,Kontich
119,Waarloos
120,Bevel
121,Nijlen
122,Kessel
123,Duffel
124,Putte
125,Beerzel
126,Gestel
127,Berlaar
128,Berchem
129,Wilrijk
130,Hemiksem
131,Schelle
132,Aartselaar
133,Mortsel
134,Edegem
135,Hoboken
136,Mechelen
137,Walem
138,Heffen
139,Hombeek
140,Leest
141,Muizen
142,Bonheiden
143,Rijmenam
144,Heindonk
145,Tisselt
146,Blaasveld
147,Willebroek
148,Terhagen
149,Rumst
150,Reet
151,Niel
152,Boom
153,Sint-Katelijne-Waver
154,Onze-Lieve-Vrouw-Waver
155,Breendonk
156,Puurs
157,Puurs-Sint-Amands
158,Ruisbroek
159,Liezele
160,Mariekerke
161,Weert
162,Bornem
163,Hingene
164,Sint-Amands
165,Oppuurs
166,Lippelo
167,Schoten
168,Essen
169,Kalmthout
170,Brasschaat
171,Stabroek
172,Hoevenen
173,Kapellen
174,Brecht
175,Sint-Lenaarts
176,Sint-Job-In-'T-Goor
177,'S Gravenwezel
178,Schilde
179,Zoersel
180,Halle
181,Wuustwezel
182,Loenhout
183,Halle
184,Buizingen
185,Lembeek
186,Herne
187,Herfelingen
188,Sint-Pieters-Kapelle
189,Biévène
190,Hoeilaart
191,Galmaarden
192,Tollembeek
193,Vollezele
194,Sint-Pieters-Leeuw
195,Oudenaken
196,Sint-Laureins-Berchem
197,Ruisbroek
198,Vlezenbeek
199,Drogenbos
200,Linkebeek
201,Rhode-Saint-Genèse
202,Beersel
203,Lot
204,Alsemberg
205,Dworp
206,Huizingen
207,Bogaarden
208,Heikruis
209,Pepingen
210,Elingen
211,Beert
212,Bellingen
213,Dilbeek
214,Sint-Ulriks-Kapelle
215,Sint-Martens-Bodegem
216,Itterbeek
217,Groot-Bijgaarden
218,Schepdaal
219,Mollem
220,Bekkerzeel
221,Kobbegem
222,Asse
223,Relegem
224,Zellik
225,Ternat
226,Wambeek
227,Sint-Katherina-Lombeek
228,Opwijk
229,Mazenzele
230,Sint-Kwintens-Lennik
231,Lennik
232,Sint-Martens-Lennik
233,Gaasbeek
234,Oetingen
235,Gooik
236,Kester
237,Leerbeek
238,Onze-Lieve-Vrouw-Lombeek
239,Strijtem
240,Roosdaal
241,Pamel
242,Borchtlombeek
243,Liedekerke
244,Wemmel
245,Brussegem
246,Merchtem
247,Hamme
248,Affligem
249,Teralfene
250,Hekelgem
251,Essene
252,Vilvoorde
253,Peutie
254,Steenokkerzeel
255,Perk
256,Melsbroek
257,Machelen
258,Diegem
259,Steenhuffel
260,Malderen
261,Londerzeel
262,Grimbergen
263,Humbeek
264,Beigem
265,Strombeek-Bever
266,Meise
267,Wolvertem
268,Kapelle-Op-Den-Bos
269,Nieuwenrode
270,Ramsdonk
271,Nederokkerzeel
272,Buken
273,Kampenhout
274,Berg
275,Nossegem
276,Zaventem
277,Sint-Stevens-Woluwe
278,Sterrebeek
279,Kraainem
280,Wezembeek-Oppem
281,Eppegem
282,Zemst
283,Hofstade
284,Weerde
285,Elewijt
286,Leuven
287,Heverlee
288,Kessel Lo
289,Wilsele
290,Wijgmaal
291,Winksele
292,Herent
293,Veltem-Beisem
294,Sint-Agatha-Rode
295,Neerijse
296,Ottenburg
297,Huldenberg
298,Loonbeek
299,Oud-Heverlee
300,Sint-Joris-Weert
301,Blanden
302,Haasrode
303,Vaalbeek
304,Korbeek-Dijle
305,Bertem
306,Leefdaal
307,Kortenberg
308,Erps-Kwerps
309,Everberg
310,Meerbeek
311,Tervuren
312,Duisburg
313,Vossem
314,Overijse
315,Rotselaar
316,Wezemaal
317,Werchter
318,Tremelo
319,Baal
320,Betekom
321,Begijnendijk
322,Keerbergen
323,Wespelaar
324,Tildonk
325,Haacht
326,Boortmeerbeek
327,Hever
328,Gelrode
329,Aarschot
330,Langdorp
331,Rillaar
332,Linden
333,Lubbeek
334,Binkom
335,Pellenberg
336,Kortrijk-Dutsel
337,Holsbeek
338,Sint-Pieters-Rode
339,Nieuwrode
340,Scherpenheuvel
341,Scherpenheuvel-Zichem
342,Averbode
343,Zichem
344,Messelbroek
345,Testelt
346,Deurne
347,Schaffen
348,Diest
349,Webbekom
350,Kaggevinne
351,Molenstede
352,Bost
353,Tienen
354,Oorbeek
355,Hakendover
356,Goetsenhoven
357,Vissenaken
358,Oplinter
359,Kumtich
360,Sint-Margriete-Houtem
361,Meldert
362,Hoegaarden
363,Outgaarden
364,Overhespen
365,Wommersom
366,Neerlinter
367,Melkwezer
368,Neerhespen
369,Linter
370,Drieslinter
371,Orsmaal-Gussenhoven
372,Lovenjoel
373,Bierbeek
374,Opvelp
375,Korbeek-Lo
376,Neervelp
377,Willebringen
378,Vertrijk
379,Roosbeek
380,Kerkom
381,Boutersem
382,Glabbeek
383,Bunsbeek
384,Kapellen
385,Attenrode
386,Tielt
387,Tielt-Winge
388,Houwaart
389,Sint-Joris-Winge
390,Meensel-Kiezegem
391,Wange
392,Laar
393,Ezemaal
394,Landen
395,Neerwinden
396,Eliksem
397,Rumsdorp
398,Overwinden
399,Wezeren
400,Walshoutem
401,Waasmont
402,Walsbets
403,Neerlanden
404,Attenhoven
405,Dormaal
406,Halle-Booienhoven
407,Zoutleeuw
408,Helen-Bos
409,Budingen
410,Geetbets
411,Grazen
412,Rummen
413,Bekkevoort
414,Assent
415,Molenbeek-Wersbeek
416,Kortenaken
417,Sint-Margriete-Houtem
418,Ransberg
419,Hoeleden
420,Kersbeek-Miskom
421,Waanrode
422,Sint-Lambrechts-Herk
423,Hasselt
424,Wimmertingen
425,Spalbeek
426,Kermt
427,Kuringen
428,Stokrooie
429,Stevoort
430,Zonhoven
431,Houthalen-Helchteren
432,Helchteren
433,Houthalen
434,Herk-De-Stad
435,Berbroek
436,Schulen
437,Donk
438,Zelem
439,Halen
440,Loksbergen
441,Zolder
442,Heusden
443,Heusden-Zolder
444,Meldert
445,Linkhout
446,Lummen
447,Alken
448,Beringen
449,Beverlo
450,Koersel
451,Paal
452,Diepenbeek
453,Genk
454,Gellik
455,Lanaken
456,Neerharen
457,Veldwezelt
458,Rekem
459,Maasmechelen
460,Eisden
461,Vucht
462,Meeswijk
463,Leut
464,Mechelen-Aan-De-Maas
465,Opgrimbie
466,Uikhoven
467,Boorsem
468,Kessenich
469,Molenbeersel
470,Ophoven
471,Kinrooi
472,Elen
473,Dilsen-Stokkem
474,Stokkem
475,Rotem
476,Dilsen
477,Lanklaar
478,Opglabbeek
479,As
480,Niel-Bij-As
481,Gruitrode
482,Neerglabbeek
483,Wijshagen
484,Oudsbergen
485,Ellikom
486,Meeuwen
487,Maaseik
488,Opoeteren
489,Neeroeteren
490,Zutendaal
491,Tongeren
492,Sluizen
493,Vreren
494,Koninksem
495,Overrepen
496,Rutten
497,Diets-Heur
498,Kolmont
499,Nerem
500,Riksingen
501,Haren
502,Henis
503,Widooie
504,Mal
505,Neerrepen
506,Lauw
507,'S Herenelderen
508,Berg
509,Piringen
510,Herstappe
511,Kortessem
512,Vliermaalroot
513,Wintershoven
514,Guigoven
515,Vliermaal
516,Werm
517,Romershoven
518,Hoeselt
519,Sint-Huibrechts-Hern
520,Schalkhoven
521,Kleine-Spouwen
522,Bilzen
523,Hees
524,Beverst
525,Grote-Spouwen
526,Waltwilder
527,Rijkhoven
528,Munsterbilzen
529,Eigenbilzen
530,Mopertingen
531,Rosmeer
532,Martenslinde
533,Hoelbeek
534,Herderen
535,Val-Meer
536,Kanne
537,Membruggen
538,Vlijtingen
539,Zichen-Zussen-Bolder
540,Millen
541,Vroenhoven
542,Riemst
543,Genoelselderen
544,Fouron-Saint-Martin
545,Mouland
546,Fourons
547,Remersdaal
548,Fouron-Saint-Pierre
549,Teuven
550,Fouron-Le-Comte
551,Halmaal
552,Ordingen
553,Sint-Truiden
554,Groot-Gelmen
555,Kerkom-Bij-Sint-Truiden
556,Zepperen
557,Brustem
558,Aalst
559,Engelmanshoven
560,Gelinden
561,Runkelen
562,Duras
563,Gorsem
564,Wilderen
565,Velm
566,Berlingen
567,Wellen
568,Herten
569,Ulbeek
570,Jesseren
571,Hoepertingen
572,Kerniel
573,Bommershoven
574,Broekom
575,Kolmont
576,Gotem
577,Kuttekoven
578,Hendrieken
579,Gors-Opleeuw
580,Haren
581,Borgloon
582,Groot-Loon
583,Voort
584,Rijkel
585,Nieuwerkerken
586,Kozen
587,Binderveld
588,Wijer
589,Gutshoven
590,Mettekoven
591,Rukkelingen-Loon
592,Batsheers
593,Mechelen-Bovelingen
594,Klein-Gelmen
595,Vechmaal
596,Veulen
597,Bovelingen
598,Heers
599,Heks
600,Opheers
601,Horpmaal
602,Gingelom
603,Kortijs
604,Niel-Bij-Sint-Truiden
605,Montenaken
606,Boekhout
607,Jeuk
608,Vorsen
609,Mielen-Boven-Aalst
610,Borlo
611,Buvingen
612,Muizen
613,Pelt
614,Overpelt
615,Sint-Huibrechts-Lille
616,Neerpelt
617,Lommel
618,Hamont-Achel
619,Hamont
620,Achel
621,Hechtel-Eksel
622,Hechtel
623,Eksel
624,Oostham
625,Ham
626,Kwaadmechelen
627,Bocholt
628,Kaulille
629,Reppel
630,Tongerlo
631,Gerdingen
632,Bree
633,Opitter
634,Beek
635,Leopoldsburg
636,Heppen
637,Tessenderlo
638,Peer
639,Kleine-Brogel
640,Grote-Brogel
641,Wijchmaal
642,Gent
643,Mariakerke
644,Drongen
645,Wondelgem
646,Sint-Amandsberg
647,Oostakker
648,Desteldonk
649,Mendonk
650,Sint-Kruis-Winkel
651,Gentbrugge
652,Ledeberg
653,Sint-Denijs-Westrem
654,Afsnee
655,Zwijnaarde
656,Zelzate
657,Heusden
658,Destelbergen
659,Zeveneken
660,Zaffelare
661,Lochristi
662,Beervelde
663,Melle
664,Gontrode
665,Sint-Niklaas
666,Nieuwkerken-Waas
667,Belsele
668,Sinaai-Waas
669,Vrasene
670,Kallo
671,Haasdonk
672,Melsele
673,Beveren-Waas
674,Kieldrecht
675,Kallo
676,Doel
677,Verrebroek
678,Steendorp
679,Elversele
680,Temse
681,Tielrode
682,Kruibeke
683,Rupelmonde
684,Bazel
685,Lokeren
686,Daknam
687,Eksaarde
688,Meerdonk
689,Sint-Pauwels
690,Sint-Gillis-Waas
691,De Klinge
692,Moerbeke-Waas
693,Wachtebeke
694,Kemzeke
695,Stekene
696,Appels
697,Dendermonde
698,Oudegem
699,Sint-Gillis-Dendermonde
700,Baasrode
701,Grembergen
702,Schoonaarde
703,Mespelare
704,Hamme
705,Moerzeke
706,Westrem
707,Massemen
708,Wetteren
709,Zele
710,Waasmunster
711,Opdorp
712,Buggenhout
713,Serskamp
714,Schellebelle
715,Wichelen
716,Kalken
717,Laarne
718,Lebbeke
719,Denderbelle
720,Wieze
721,Overmere
722,Uitbergen
723,Berlare
724,Aalst
725,Hofstade
726,Gijzegem
727,Meldert
728,Moorsel
729,Herdersem
730,Baardegem
731,Nieuwerkerken
732,Erembodegem
733,Oordegem
734,Smetlede
735,Wanzele
736,Impe
737,Lede
738,Lieferinge
739,Appelterre-Eichem
740,Ninove
741,Nederhasselt
742,Okegem
743,Voorde
744,Denderwindeke
745,Pollare
746,Meerbeke
747,Neigem
748,Aspelare
749,Outer
750,Erondegem
751,Bambrugge
752,Erpe
753,Vlekkem
754,Ottergem
755,Aaigem
756,Mere
757,Burst
758,Erpe-Mere
759,Denderhoutem
760,Haaltert
761,Heldergem
762,Kerksken
763,Denderleeuw
764,Iddergem
765,Welle
766,Zarlardinge
767,Ophasselt
768,Nederboelare
769,Overboelare
770,Geraardsbergen
771,Onkerzele
772,Viane
773,Moerbeke
774,Goeferdinge
775,Grimminge
776,Waarbeke
777,Idegem
778,Zandbergen
779,Schendelbeke
780,Nieuwenhove
781,Smeerebbe-Vloerzegem
782,Oombergen
783,Zonnegem
784,Bavegem
785,Sint-Lievens-Houtem
786,Vlierzele
787,Letterhoutem
788,Sint-Antelinks
789,Hillegem
790,Sint-Lievens-Esse
791,Steenhuize-Wijnhuize
792,Woubrechtegem
793,Herzele
794,Ressegem
795,Borsbeke
796,Lierde
797,Deftinge
798,Sint-Maria-Lierde
799,Hemelveerdegem
800,Sint-Martens-Lierde
801,Renaix
802,Leeuwergem
803,Godveerdegem
804,Sint-Goriks-Oudenhove
805,Velzeke-Ruddershove
806,Oombergen
807,Sint-Maria-Oudenhove
808,Zottegem
809,Strijpen
810,Grotenberge
811,Elene
812,Erwetegem
813,Dikkele
814,Sint-Maria-Latem
815,Sint-Denijs-Boekel
816,Paulatem
817,Sint-Blasius-Boekel
818,Roborst
819,Beerlegem
820,Hundelgem
821,Zwalm
822,Munkzwalm
823,Rozebeke
824,Meilegem
825,Nederzwalm-Hermelgem
826,Zegelsem
827,Michelbeke
828,Sint-Maria-Oudenhove
829,Nederbrakel
830,Elst
831,Opbrakel
832,Everbeek
833,Brakel
834,Parike
835,Sint-Kornelis-Horebeke
836,Horebeke
837,Sint-Maria-Horebeke
838,Etikhove
839,Maarke-Kerkem
840,Maarkedal
841,Nukerke
842,Schorisse
843,Kluisbergen
844,Ruien
845,Zulzeke
846,Kwaremont
847,Berchem
848,Nederename
849,Ooike
850,Eine
851,Leupegem
852,Welden
853,Oudenaarde
854,Ename
855,Volkegem
856,Melden
857,Mater
858,Mullem
859,Bevere
860,Heurne
861,Edelare
862,Zingem
863,Huise
864,Ouwegem
865,Kruishoutem
866,Kruisem
867,Nokere
868,Wannegem-Lede
869,Moregem
870,Ooike
871,Wortegem
872,Elsegem
873,Wortegem-Petegem
874,Petegem-Aan-De-Schelde
875,Deinze
876,Sint-Martens-Leerne
877,Bachte-Maria-Leerne
878,Astene
879,Vinkt
880,Meigem
881,Petegem-Aan-De-Leie
882,Zeveren
883,Gottem
884,Wontergem
885,Grammene
886,Eke
887,Nazareth
888,Schelderode
889,Lemberge
890,Munte
891,Melsen
892,Bottelare
893,Merelbeke
894,Sint-Martens-Latem
895,Deurle
896,Zevergem
897,De Pinte
898,Nevele
899,Landegem
900,Vosselare
901,Poesele
902,Hansbeke
903,Merendree
904,Scheldewindeke
905,Oosterzele
906,Landskouter
907,Moortsele
908,Balegem
909,Gijzenzele
910,Zulte
911,Machelen
912,Olsene
913,Aalter
914,Poeke
915,Lotenhulle
916,Bellem
917,Baaigem
918,Gavere
919,Asper
920,Dikkelvenne
921,Vurste
922,Semmerzake
923,Eeklo
924,Knesselare
925,Ursel
926,Lovendegem
927,Vinderhoute
928,Zomergem
929,Lievegem
930,Oostwinkel
931,Ronsele
932,Kluizen
933,Sleidinge
934,Evergem
935,Ertvelde
936,Waarschoot
937,Assenede
938,Boekhoute
939,Oosteeklo
940,Bassevelde
941,Kaprijke
942,Lembeke
943,Sint-Laureins
944,Sint-Margriete
945,Sint-Jan-In-Eremo
946,Watervliet
947,Waterland-Oudeman
948,Maldegem
949,Adegem
950,Middelburg
951,Brugge
952,Koolkerke
953,Hertsberge
954,Waardamme
955,Oostkamp
956,Ruddervoorde
957,Sint-Michiels
958,Sint-Andries
959,Veldegem
960,Zedelgem
961,Loppem
962,Aartrijke
963,Knokke
964,Knokke-Heist
965,Westkapelle
966,Ramskapelle
967,Heist-Aan-Zee
968,Assebroek
969,Sint-Kruis
970,Oostkerke
971,Sijsele
972,Lapscheure
973,Hoeke
974,Moerkerke
975,Damme
976,Blankenberge
977,Uitkerke
978,Houtave
979,Meetkerke
980,Nieuwmunster
981,Zuienkerke
982,Lissewege
983,Zeebrugge
984,Dudzele
985,Oostende
986,Stene
987,Zandvoorde
988,De Haan
989,Wenduine
990,Klemskerke
991,Vlissegem
992,Middelkerke
993,Wilskerke
994,Leffinge
995,Schore
996,Slijpe
997,Mannekensvere
998,Sint-Pieters-Kapelle
999,Lombardsijde
1000,Westende
1001,Bredene
1002,Westkerke
1003,Ettelgem
1004,Roksem
1005,Oudenburg
1006,Zevekote
1007,Gistel
1008,Moere
1009,Snaaskerke
1010,Ichtegem
1011,Bekegem
1012,Eernegem
1013,Stalhille
1014,Jabbeke
1015,Zerkegem
1016,Varsenare
1017,Snellegem
1018,Kortrijk
1019,Heule
1020,Bissegem
1021,Marke
1022,Rollegem
1023,Kooigem
1024,Bellegem
1025,Aalbeke
1026,Kuurne
1027,Harelbeke
1028,Hulste
1029,Bavikhove
1030,Deerlijk
1031,Zwevegem
1032,Heestert
1033,Moen
1034,Otegem
1035,Sint-Denijs
1036,Wevelgem
1037,Gullegem
1038,Moorsele
1039,Anzegem
1040,Vichte
1041,Ingooigem
1042,Gijzelbrechtegem
1043,Kaster
1044,Tiegem
1045,Avelgem
1046,Waarmaarde
1047,Kerkhove
1048,Outrijve
1049,Bossuit
1050,Espierres-Helchin
1051,Espierres
1052,Helchin
1053,Vladslo
1054,Pervijze
1055,Diksmuide
1056,Oudekapelle
1057,Lampernisse
1058,Kaaskerke
1059,Leke
1060,Driekapellen
1061,Oostkerke
1062,Keiem
1063,Stuivekenskerke
1064,Woumen
1065,Sint-Jacobs-Kapelle
1066,Esen
1067,Nieuwkapelle
1068,Beerst
1069,Handzame
1070,Werken
1071,Zarren
1072,Kortemark
1073,Nieuwpoort
1074,Ramskapelle
1075,Sint-Joris
1076,Bulskamp
1077,Houtem
1078,Wulveringem
1079,Steenkerke
1080,Booitshoeke
1081,Zoutenaaie
1082,Veurne
1083,Avekapelle
1084,De Moeren
1085,Eggewaartskapelle
1086,Vinkem
1087,Vleteren
1088,Westvleteren
1089,Oostvleteren
1090,Woesten
1091,Pollinkhove
1092,Reninge
1093,Lo
1094,Noordschote
1095,Lo-Reninge
1096,Houthulst
1097,Klerken
1098,Merkem
1099,Adinkerke
1100,De Panne
1101,Koksijde
1102,Wulpen
1103,Oostduinkerke
1104,Zande
1105,Bovekerke
1106,Koekelare
1107,Oeren
1108,Alveringem
1109,Sint-Rijkers
1110,Hoogstade
1111,Stavele
1112,Leisele
1113,Izenberge
1114,Gijverinkhove
1115,Beveren-Aan-De-Ijzer
1116,Tielt
1117,Aarsele
1118,Schuiferskapelle
1119,Kanegem
1120,Sint-Baafs-Vijve
1121,Wielsbeke
1122,Ooigem
1123,Dentergem
1124,Markegem
1125,Oeselgem
1126,Wakken
1127,Oedelem
1128,Beernem
1129,Sint-Joris
1130,Egem
1131,Pittem
1132,Wingene
1133,Zwevezele
1134,Ruiselede
1135,Meulebeke
1136,Ingelmunster
1137,Oostrozebeke
1138,Waregem
1139,Beveren
1140,Desselgem
1141,Sint-Eloois-Vijve
1142,Roeselare
1143,Rumbeke
1144,Oekene
1145,Beveren
1146,Lichtervelde
1147,Torhout
1148,Hooglede
1149,Gits
1150,Westrozebeke
1151,Staden
1152,Oostnieuwkerke
1153,Ardooie
1154,Koolskamp
1155,Lendelede
1156,Kachtem
1157,Izegem
1158,Emelgem
1159,Ledegem
1160,Rollegem-Kapelle
1161,Sint-Eloois-Winkel
1162,Dadizele
1163,Moorslede
1164,Brielen
1165,Ieper
1166,Dikkebus
1167,Sint-Jan
1168,Zillebeke
1169,Hollebeke
1170,Voormezele
1171,Zuidschote
1172,Boezinge
1173,Elverdinge
1174,Vlamertinge
1175,Bikschote
1176,Langemark
1177,Langemark-Poelkapelle
1178,Poelkapelle
1179,Menen
1180,Lauwe
1181,Rekkem
1182,Wervik
1183,Geluwe
1184,Nieuwkerke
1185,Heuvelland
1186,Dranouter
1187,Wulvergem
1188,Wijtschate
1189,Westouter
1190,Kemmel
1191,Messines
1192,Loker
1193,Poperinge
1194,Reningelst
1195,Krombeke
1196,Proven
1197,Roesbrugge-Haringe
1198,Watou
1199,Zandvoorde
1200,Geluveld
1201,Beselare
1202,Zonnebeke
1203,Passendale
1204,Wavre
1205,Limal
1206,Bierges
1207,La Hulpe
1208,Piétrebais
1209,Glimes
1210,Opprebais
1211,Incourt
1212,Roux-Miroir
1213,Nodebais
1214,Hamme-Mille
1215,L'Ecluse
1216,Beauvechain
1217,Tourinnes-La-Grosse
1218,Dion-Valmont
1219,Bonlez
1220,Longueville
1221,Chaumont-Gistoux
1222,Corroy-Le-Grand
1223,Rixensart
1224,Rosières
1225,Genval
1226,Ottignies
1227,Ottignies-Louvain-La-Neuve
1228,Céroux-Mousty
1229,Limelette
1230,Louvain-La-Neuve
1231,Folx-Les-Caves
1232,Jandrain-Jandrenouille
1233,Enines
1234,Jauche
1235,Orp-Jauche
1236,Marilles
1237,Orp-Le-Grand
1238,Noduwez
1239,Hélécine
1240,Neerheylissem
1241,Linsmeau
1242,Opheylissem
1243,Malèves-Sainte-Marie-Wastinnes
1244,Thorembais-Les-Béguines
1245,Thorembais-Saint-Trond
1246,Orbais
1247,Perwez
1248,Huppaye
1249,Gérompont
1250,Geest-Gérompont-Petit-Rosière
1251,Autre-Eglise
1252,Mont-Saint-André
1253,Bomal
1254,Grand-Rosière-Hottomont
1255,Ramillies
1256,Dongelberg
1257,Jauchelette
1258,Saint-Jean-Geest
1259,Zétrud-Lumay
1260,Mélin
1261,Lathuy
1262,Piétrain
1263,Jodoigne-Souveraine
1264,Saint-Remy-Geest
1265,Jodoigne
1266,Lasne
1267,Maransart
1268,Plancenoit
1269,Couture-Saint-Germain
1270,Ohain
1271,Lasne-Chapelle-Saint-Lambert
1272,Bossut-Gottechain
1273,Archennes
1274,Biez
1275,Nethen
1276,Grez-Doiceau
1277,Monstreux
1278,Nivelles
1279,Baulers
1280,Thines
1281,Bornival
1282,Waterloo
1283,Braine-L'Alleud
1284,Ophain-Bois-Seigneur-Isaac
1285,Lillois-Witterzée
1286,Quenast
1287,Rebecq
1288,Bierghes
1289,Rebecq-Rognon
1290,Corbais
1291,Hévillers
1292,Mont-Saint-Guibert
1293,Braine-Le-Château
1294,Wauthier-Braine
1295,Saint-Géry
1296,Cortil-Noirmont
1297,Chastre
1298,Chastre-Villeroux-Blanmont
1299,Gentinnes
1300,Walhain-Saint-Paul
1301,Walhain
1302,Nil-Saint-Vincent-Saint-Martin
1303,Tourinnes-Saint-Lambert
1304,Ittre
1305,Virginal-Samme
1306,Haut-Ittre
1307,Genappe
1308,Bousval
1309,Baisy-Thy
1310,Loupoigne
1311,Vieux-Genappe
1312,Glabais
1313,Ways
1314,Houtain-Le-Val
1315,Oisquercq
1316,Saintes
1317,Clabecq
1318,Tubize
1319,Court-Saint-Etienne
1320,Marbais
1321,Mellery
1322,Villers-La-Ville
1323,Sart-Dames-Avelines
1324,Tilly
1325,Charleroi
1326,Marcinelle
1327,Couillet
1328,Dampremy
1329,Goutroux
1330,Marchienne-Au-Pont
1331,Monceau-Sur-Sambre
1332,Mont-Sur-Marchienne
1333,Jumet
1334,Gosselies
1335,Lodelinsart
1336,Ransart
1337,Roux
1338,Gilly
1339,Montignies-Sur-Sambre
1340,Montigny-Le-Tilleul
1341,Landelies
1342,Nalinnes
1343,Marbaix
1344,Jamioulx
1345,Cour-Sur-Heure
1346,Ham-Sur-Heure
1347,Fontaine-L'Evêque
1348,Forchies-La-Marche
1349,Leernes
1350,Anderlues
1351,Courcelles
1352,Gouy-Lez-Piéton
1353,Souvret
1354,Trazegnies
1355,Châtelineau
1356,Châtelet
1357,Bouffioulx
1358,Frasnes-Lez-Gosselies
1359,Les Bons Villers
1360,Rèves
1361,Villers-Perwin
1362,Wayaux
1363,Mellet
1364,Wangenies
1365,Heppignies
1366,Fleurus
1367,Lambusart
1368,Saint-Amand
1369,Brye
1370,Wagnelée
1371,Wanfercée-Baulet
1372,Buzet
1373,Obaix
1374,Viesville
1375,Thiméon
1376,Pont-À-Celles
1377,Liberchies
1378,Luttre
1379,Pironchamps
1380,Farciennes
1381,Roselies
1382,Presles
1383,Aiseau
1384,Pont-De-Loup
1385,Aiseau-Presles
1386,Gerpinnes
1387,Villers-Poterie
1388,Acoz
1389,Loverval
1390,Joncret
1391,Gougnies
1392,Vergnies
1393,Boussu-Lez-Walcourt
1394,Froidchapelle
1395,Fourbechies
1396,Erpion
1397,Bailièvre
1398,Robechies
1399,Salles
1400,Villers-La-Tour
1401,Saint-Remy
1402,Chimay
1403,Virelles
1404,Vaulx-Lez-Chimay
1405,Lompret
1406,Rièzes
1407,Bourlers
1408,L'Escaillère
1409,Forges
1410,Baileux
1411,Rance
1412,Grandrieu
1413,Sivry
1414,Sivry-Rance
1415,Sautin
1416,Montbliart
1417,Leugnies
1418,Barbençon
1419,Solre-Saint-Géry
1420,Thirimont
1421,Beaumont
1422,Leval-Chaudeville
1423,Renlies
1424,Strée
1425,Thuin
1426,Leers-Et-Fosteau
1427,Biesme-Sous-Thuin
1428,Ragnies
1429,Biercée
1430,Gozée
1431,Donstiennes
1432,Thuillies
1433,Lobbes
1434,Mont-Sainte-Geneviève
1435,Sars-La-Buissière
1436,Bienne-Lez-Happart
1437,Bersillies-L'Abbaye
1438,Montignies-Saint-Christophe
1439,Erquelinnes
1440,Hantes-Wihéries
1441,Solre-Sur-Sambre
1442,Grand-Reng
1443,Fontaine-Valmont
1444,Merbes-Le-Château
1445,Merbes-Sainte-Marie
1446,Labuissière
1447,Momignies
1448,Macon
1449,Monceau-Imbrechies
1450,Macquenoise
1451,Beauwelz
1452,Forge-Philippe
1453,Seloignes
1454,Mons
1455,Ghlin
1456,Jemappes
1457,Flénu
1458,Maisières
1459,Nimy
1460,Havré
1461,Hyon
1462,Harmignies
1463,Harveng
1464,Mesvin
1465,Nouvelles
1466,Ciply
1467,Saint-Symphorien
1468,Villers-Saint-Ghislain
1469,Spiennes
1470,Cuesmes
1471,Obourg
1472,Saint-Denis
1473,Quévy-Le-Grand
1474,Blaregnies
1475,Asquillies
1476,Quévy
1477,Goegnies-Chaussée
1478,Bougnies
1479,Aulnois
1480,Quévy-Le-Petit
1481,Genly
1482,Havay
1483,Givry
1484,Erbisoeul
1485,Erbaut
1486,Masnuy-Saint-Pierre
1487,Masnuy-Saint-Jean
1488,Jurbise
1489,Herchies
1490,Soignies
1491,Horrues
1492,Casteau
1493,Thieusies
1494,Naast
1495,Chaussée-Notre-Dame-Louvignies
1496,Neufvilles
1497,Mignault
1498,Gottignies
1499,Le Roeulx
1500,Ville-Sur-Haine
1501,Thieu
1502,Eugies
1503,Sars-La-Bruyère
1504,Frameries
1505,Noirchain
1506,La Bouverie
1507,Steenkerque
1508,Henripont
1509,Hennuyères
1510,Braine-Le-Comte
1511,Petit-Roeulx-Lez-Braine
1512,Ronquières
1513,Haine-Saint-Paul
1514,Trivières
1515,Saint-Vaast
1516,Haine-Saint-Pierre
1517,La Louvière
1518,Boussoit
1519,Houdeng-Aimeries
1520,Strépy-Bracquegnies
1521,Maurage
1522,Houdeng-Goegnies
1523,Peissant
1524,Fauroeulx
1525,Estinnes
1526,Haulchin
1527,Vellereille-Les-Brayeux
1528,Vellereille-Le-Sec
1529,Estinnes-Au-Val
1530,Croix-Lez-Rouveroy
1531,Rouveroy
1532,Estinnes-Au-Mont
1533,Bray
1534,Binche
1535,Battignies
1536,Waudrez
1537,Buvrinnes
1538,Péronnes-Lez-Binche
1539,Ressaix
1540,Leval-Trahegnies
1541,Epinois
1542,Morlanwelz-Mariemont
1543,Morlanwelz
1544,Mont-Sainte-Aldegonde
1545,Carnières
1546,Chapelle-Lez-Herlaimont
1547,Godarville
1548,Piéton
1549,Manage
1550,Bellecourt
1551,Fayt-Lez-Manage
1552,Bois-D'Haine
1553,La Hestre
1554,Seneffe
1555,Petit-Roeulx-Lez-Nivelles
1556,Familleureux
1557,Arquennes
1558,Feluy
1559,Ecaussinnes-D'Enghien
1560,Marche-Lez-Ecaussinnes
1561,Ecaussinnes
1562,Ecaussinnes-Lalaing
1563,Boussu
1564,Hornu
1565,Bernissart
1566,Blaton
1567,Harchies
1568,Ville-Pommeroeul
1569,Pommeroeul
1570,Saint-Ghislain
1571,Baudour
1572,Sirault
1573,Neufmaison
1574,Tertre
1575,Villerot
1576,Hautrage
1577,Colfontaine
1578,Wasmes
1579,Pâturages
1580,Warquignies
1581,Thulin
1582,Hainin
1583,Hensies
1584,Montroeul-Sur-Haine
1585,Elouges
1586,Wihéries
1587,Dour
1588,Blaugies
1589,Baisieux
1590,Quiévrain
1591,Audregnies
1592,Marchipont
1593,Onnezies
1594,Angre
1595,Angreau
1596,Roisin
1597,Athis
1598,Fayt-Le-Franc
1599,Honnelles
1600,Montignies-Sur-Roc
1601,Erquennes
1602,Autreppe
1603,Wasmuel
1604,Quaregnon
1605,Saint-Maur
1606,Ere
1607,Tournai
1608,Orcq
1609,Esplechin
1610,Froyennes
1611,Froidmont
1612,Willemeau
1613,Ramegnies-Chin
1614,Templeuve
1615,Chercq
1616,Blandain
1617,Lamain
1618,Hertain
1619,Marquain
1620,Gaurain-Ramecroix
1621,Havinnes
1622,Béclers
1623,Thimougies
1624,Maulde
1625,Barry
1626,Vaulx
1627,Vezon
1628,Kain
1629,Quartes
1630,Melles
1631,Rumillies
1632,Mont-Saint-Aubert
1633,Mourcourt
1634,Warchin
1635,Péruwelz
1636,Roucourt
1637,Bury
1638,Bon-Secours
1639,Baugnies
1640,Braffe
1641,Wasmes-Audemez-Briffoeil
1642,Brasménil
1643,Callenelle
1644,Wiers
1645,Rumes
1646,La Glanerie
1647,Taintignies
1648,Guignies
1649,Jollain-Merlin
1650,Bléharies
1651,Brunehaut
1652,Wez-Velvain
1653,Hollain
1654,Lesdain
1655,Laplaigne
1656,Rongy
1657,Howardries
1658,Maubray
1659,Péronnes-Lez-Antoing
1660,Antoing
1661,Bruyelle
1662,Calonne
1663,Fontenoy
1664,Luingne
1665,Mouscron
1666,Dottignies
1667,Herseaux
1668,Bailleul
1669,Evregnies
1670,Estaimpuis
1671,Estaimbourg
1672,Néchin
1673,Saint-Léger
1674,Leers-Nord
1675,Warcoing
1676,Pecq
1677,Hérinnes-Lez-Pecq
1678,Esquelmes
1679,Obigies
1680,Orroir
1681,Russeignies
1682,Anseroeul
1683,Amougies
1684,Mont-De-L'Enclus
1685,Velaines
1686,Pottes
1687,Escanaffles
1688,Popuelles
1689,Celles
1690,Molenbaix
1691,Comines
1692,Comines-Warneton
1693,Houthem
1694,Ploegsteert
1695,Bizet
1696,Bas-Warneton
1697,Warneton
1698,Ath
1699,Lanquesaint
1700,Irchonwelz
1701,Ormeignies
1702,Bouvignies
1703,Ostiches
1704,Rebaix
1705,Maffle
1706,Arbre
1707,Mainvault
1708,Villers-Saint-Amand
1709,Houtaing
1710,Ligne
1711,Moulbaix
1712,Villers-Notre-Dame
1713,Ghislenghien
1714,Isières
1715,Meslin-L'Evêque
1716,Gibecq
1717,Hoves
1718,Gondregnies
1719,Silly
1720,Graty
1721,Hellebecq
1722,Thoricourt
1723,Fouleng
1724,Bassilly
1725,Petit-Enghien
1726,Marcq
1727,Enghien
1728,Lessines
1729,Wannebecq
1730,Papignies
1731,Ogy
1732,Ghoy
1733,Deux-Acren
1734,Bois-De-Lessines
1735,Ollignies
1736,Lombise
1737,Montignies-Lez-Lens
1738,Bauffe
1739,Cambron-Saint-Vincent
1740,Lens
1741,Flobecq
1742,Wodecq
1743,Lahamaide
1744,Ellezelles
1745,Grandmetz
1746,Leuze-En-Hainaut
1747,Thieulain
1748,Chapelle-À-Wattines
1749,Chapelle-À-Oie
1750,Blicquy
1751,Willaupuis
1752,Pipaix
1753,Tourpes
1754,Gallaix
1755,Ellignies-Lez-Frasnes
1756,Arc-Wattripont
1757,Frasnes-Lez-Anvaing
1758,Arc-Ainières
1759,Wattripont
1760,Forest
1761,Anvaing
1762,Cordes
1763,Herquegies
1764,Moustier
1765,Frasnes-Lez-Buissenal
1766,Oeudeghien
1767,Montroeul-Au-Bois
1768,Buissenal
1769,Hacquegnies
1770,Saint-Sauveur
1771,Dergneau
1772,Brugelette
1773,Cambron-Casteau
1774,Attre
1775,Mévergnies-Lez-Lens
1776,Gages
1777,Huissignies
1778,Ladeuze
1779,Tongre-Saint-Martin
1780,Chièvres
1781,Grosage
1782,Tongre-Notre-Dame
1783,Beloeil
1784,Thumaide
1785,Wadelincourt
1786,Ramegnies
1787,Basècles
1788,Quevaucamps
1789,Ellignies-Sainte-Anne
1790,Aubechies
1791,Grandglise
1792,Stambruges
1793,Rocourt
1794,Glain
1795,Liège
1796,Wandre
1797,Liège
1798,Bressoux
1799,Jupille-Sur-Meuse
1800,Grivegnée
1801,Angleur
1802,Chênée
1803,Herstal
1804,Milmort
1805,Vottem
1806,Liers
1807,Chaudfontaine
1808,Vaux-Sous-Chèvremont
1809,Beaufays
1810,Embourg
1811,Seraing
1812,Boncelles
1813,Jemeppe-Sur-Meuse
1814,Ougrée
1815,Rotheux-Rimière
1816,Neupré
1817,Ehein
1818,Neuville-En-Condroz
1819,Plainevaux
1820,Tilff
1821,Esneux
1822,Rouvreux
1823,Sprimont
1824,Dolembreux
1825,Gomzé-Andoumont
1826,Louveigné
1827,Anthisnes
1828,Villers-Aux-Tours
1829,Hody
1830,Tavier
1831,Comblain-Au-Pont
1832,Poulseur
1833,Comblain-Fairon
1834,Comblain-La-Tour
1835,Hamoir
1836,Filot
1837,My
1838,Xhoris
1839,Ferrières
1840,Vieuxville
1841,Werbomont
1842,Burdinne
1843,Marneffe
1844,Lamontzée
1845,Oteppe
1846,Hannêche
1847,Héron
1848,Waret-L'Evêque
1849,Lavoir
1850,Couthuin
1851,Acosse
1852,Ambresin
1853,Meeffe
1854,Wasseiges
1855,Boëlhe
1856,Hollogne-Sur-Geer
1857,Lens-Saint-Servais
1858,Geer
1859,Omal
1860,Darion
1861,Ligney
1862,Corswarem
1863,Rosoux-Crenwick
1864,Berloz
1865,Avennes
1866,Braives
1867,Ciplet
1868,Ville-En-Hesbaye
1869,Fallais
1870,Fumal
1871,Latinne
1872,Tourinne
1873,Merdorp
1874,Poucet
1875,Lens-Saint-Remy
1876,Blehen
1877,Bertrée
1878,Avernas-Le-Bauduin
1879,Trognée
1880,Thisnes
1881,Hannut
1882,Abolens
1883,Moxhe
1884,Grand-Hallet
1885,Wansin
1886,Avin
1887,Villers-Le-Peuplier
1888,Cras-Avernas
1889,Crehen
1890,Petit-Hallet
1891,Racour
1892,Lincent
1893,Pellaines
1894,Bettincourt
1895,Bleret
1896,Oleye
1897,Grand-Axhe
1898,Lantremange
1899,Waremme
1900,Bovenistier
1901,Borlez
1902,Les Waleffes
1903,Viemme
1904,Faimes
1905,Aineffe
1906,Celles
1907,Villers-L'Evêque
1908,Awans
1909,Othée
1910,Fooz
1911,Hognoul
1912,Noville
1913,Roloux
1914,Freloux
1915,Fexhe-Le-Haut-Clocher
1916,Voroux-Goreux
1917,Lamine
1918,Momalle
1919,Remicourt
1920,Pousset
1921,Hodeige
1922,Limont
1923,Donceel
1924,Haneffe
1925,Jeneffe
1926,Bergilers
1927,Grandville
1928,Otrange
1929,Lens-Sur-Geer
1930,Oreye
1931,Crisnée
1932,Kemexhe
1933,Fize-Le-Marsal
1934,Odeur
1935,Thys
1936,Flémalle-Grande
1937,Chokier
1938,Flémalle
1939,Ivoz-Ramet
1940,Gleixhe
1941,Mons-Lez-Liège
1942,Flémalle-Haute
1943,Awirs
1944,Montegnée
1945,Saint-Nicolas
1946,Tilleur
1947,Ans
1948,Loncin
1949,Xhendremael
1950,Alleur
1951,Lantin
1952,Juprelle
1953,Slins
1954,Voroux-Lez-Liers
1955,Wihogne
1956,Paifve
1957,Villers-Saint-Siméon
1958,Fexhe-Slins
1959,Grâce-Berleur
1960,Hollogne-Aux-Pierres
1961,Horion-Hozémont
1962,Grâce-Hollogne
1963,Bierset
1964,Velroux
1965,Saint-Georges-Sur-Meuse
1966,Clermont-Sous-Huy
1967,Ehein
1968,Hermalle-Sous-Huy
1969,Engis
1970,Huy
1971,Tihange
1972,Ben-Ahin
1973,Huccorgne
1974,Wanze
1975,Moha
1976,Vinalmont
1977,Bas-Oha
1978,Antheit
1979,Fize-Fontaine
1980,Vieux-Waleffe
1981,Vaux-Et-Borset
1982,Villers-Le-Bouillet
1983,Warnant-Dreye
1984,Verlaine
1985,Bodegnée
1986,Seraing-Le-Château
1987,Chapon-Seraing
1988,Ombret
1989,Flône
1990,Amay
1991,Jehay
1992,Ampsin
1993,Villers-Le-Temple
1994,Yernée-Fraineux
1995,Nandrin
1996,Saint-Séverin
1997,Fraiture
1998,Soheit-Tinlot
1999,Ramelot
2000,Tinlot
2001,Abée
2002,Seny
2003,Clavier
2004,Les Avins
2005,Pailhe
2006,Terwagne
2007,Ocquier
2008,Bois-Et-Borsu
2009,Marchin
2010,Vyle-Et-Tharoul
2011,Strée-Lez-Huy
2012,Vierset-Barse
2013,Outrelouxhe
2014,Modave
2015,Ellemelle
2016,Warzée
2017,Ouffet
2018,Lanaye
2019,Richelle
2020,Lixhe
2021,Visé
2022,Argenteau
2023,Cheratte
2024,Saint-André
2025,Feneur
2026,Bombaye
2027,Berneau
2028,Mortroux
2029,Dalhem
2030,Warsage
2031,Neufchâteau
2032,Beyne-Heusay
2033,Queue-Du-Bois
2034,Bellaire
2035,Fléron
2036,Retinne
2037,Magnée
2038,Romsée
2039,Ayeneux
2040,Soumagne
2041,Micheroux
2042,Tignée
2043,Evegnée
2044,Cérexhe-Heuseux
2045,Melen
2046,Herve
2047,Chaineux
2048,Grand-Rechain
2049,Julémont
2050,Battice
2051,Xhendelesse
2052,Bolland
2053,Charneux
2054,Mortier
2055,Blégny
2056,Trembleur
2057,Housse
2058,Saive
2059,Barchon
2060,Saint-Remy
2061,Hermée
2062,Oupeye
2063,Hermalle-Sous-Argenteau
2064,Houtain-Saint-Siméon
2065,Heure-Le-Romain
2066,Vivegnis
2067,Haccourt
2068,Glons
2069,Boirs
2070,Roclenge-Sur-Geer
2071,Bassenge
2072,Wonck
2073,Eben-Emael
2074,Eupen
2075,Kettenis
2076,Lontzen
2077,Walhorn
2078,La Calamine
2079,Neu-Moresnet
2080,Hergenrath
2081,Hauset
2082,Raeren
2083,Eynatten
2084,Elsenborn
2085,Butgenbach
2086,Bullange
2087,Manderfeld
2088,Rocherath
2089,Meyerode
2090,Amblève
2091,Heppenbach
2092,Saint-Vith
2093,Recht
2094,Schoenberg
2095,Lommersweiler
2096,Crombach
2097,Reuland
2098,Burg-Reuland
2099,Thommen
2100,Verviers
2101,Petit-Rechain
2102,Lambermont
2103,Ensival
2104,Polleur
2105,Stembert
2106,Heusy
2107,Dison
2108,Andrimont
2109,Limbourg
2110,Bilstain
2111,Goé
2112,Baelen
2113,Membach
2114,Welkenraedt
2115,Henri-Chapelle
2116,Sart-Lez-Spa
2117,Jalhay
2118,Montzen
2119,Plombières
2120,Moresnet
2121,Sippenaeken
2122,Gemmenich
2123,Hombourg
2124,Cornesse
2125,Pepinster
2126,Wegnez
2127,Soiron
2128,Fraipont
2129,Forêt
2130,Trooz
2131,Nessonvaux
2132,Olne
2133,Aubel
2134,Thimister-Clermont
2135,Clermont
2136,Thimister
2137,Spa
2138,Polleur
2139,Theux
2140,La Reid
2141,Harzé
2142,Sougné-Remouchamps
2143,Aywaille
2144,Louveigné
2145,Ernonheid
2146,Waimes
2147,Sourbrodt
2148,Faymonville
2149,Robertville
2150,Bellevaux-Ligneuville
2151,Malmedy
2152,Bevercé
2153,Stavelot
2154,Francorchamps
2155,Trois-Ponts
2156,Wanne
2157,Fosse
2158,Basse-Bodeux
2159,Stoumont
2160,Lorcé
2161,Chevron
2162,La Gleize
2163,Rahier
2164,Bra
2165,Arbrefontaine
2166,Lierneux
2167,Bastogne
2168,Longvilly
2169,Villers-La-Bonne-Eau
2170,Noville
2171,Wardin
2172,Martelange
2173,Fauvillers
2174,Hollange
2175,Tintange
2176,Sibret
2177,Nives
2178,Vaux-Sur-Sûre
2179,Morhet
2180,Hompré
2181,Vaux-Lez-Rosières
2182,Juseret
2183,Houffalize
2184,Nadrin
2185,Tailles
2186,Mont
2187,Tavigny
2188,Mabompré
2189,Wibrin
2190,Gouvy
2191,Limerlé
2192,Bovigny
2193,Beho
2194,Cherain
2195,Montleban
2196,Sainte-Ode
2197,Amberloup
2198,Tillet
2199,Lavacherie
2200,Flamierge
2201,Bertogne
2202,Longchamps
2203,Vielsalm
2204,Bihain
2205,Petit-Thier
2206,Grand-Halleux
2207,Toernich
2208,Arlon
2209,Heinsch
2210,Bonnert
2211,Guirsch
2212,Autelbas
2213,Attert
2214,Tontelange
2215,Thiaumont
2216,Nothomb
2217,Nobressart
2218,Habay
2219,Habay-La-Neuve
2220,Hachy
2221,Anlier
2222,Habay-La-Vieille
2223,Houdemont
2224,Rulles
2225,Tintigny
2226,Bellefontaine
2227,Rossignol
2228,Saint-Vincent
2229,Etalle
2230,Villers-Sur-Semois
2231,Sainte-Marie-Sur-Semois
2232,Vance
2233,Chantemelle
2234,Buzenol
2235,Meix-Le-Tige
2236,Saint-Léger
2237,Châtillon
2238,Mussy-La-Ville
2239,Signeulx
2240,Musson
2241,Ruette
2242,Virton
2243,Ethe
2244,Bleid
2245,Latour
2246,Saint-Mard
2247,Harnoncourt
2248,Rouvroy
2249,Dampicourt
2250,Torgny
2251,Lamorteau
2252,Villers-La-Loue
2253,Sommethonne
2254,Meix-Devant-Virton
2255,Robelmont
2256,Gérouville
2257,Hondelange
2258,Wolkrange
2259,Messancy
2260,Sélange
2261,Habergy
2262,Aubange
2263,Athus
2264,Rachecourt
2265,Halanzy
2266,Moircy
2267,Sainte-Marie-Chevigny
2268,Bras
2269,Saint-Pierre
2270,Recogne
2271,Freux
2272,Remagne
2273,Libramont-Chevigny
2274,Izel
2275,Chiny
2276,Jamoigne
2277,Les Bulles
2278,Suxy
2279,Termes
2280,Muno
2281,Fontenoille
2282,Florenville
2283,Sainte-Cécile
2284,Lacuisine
2285,Villers-Devant-Orval
2286,Chassepierre
2287,Poupehan
2288,Bouillon
2289,Les Hayons
2290,Rochehaut
2291,Noirfontaine
2292,Sensenruth
2293,Vivy
2294,Ucimont
2295,Bellevaux
2296,Dohan
2297,Corbion
2298,Grandvoir
2299,Tournay
2300,Hamipré
2301,Grapfontaine
2302,Neufchâteau
2303,Longlier
2304,Paliseul
2305,Carlsbourg
2306,Offagne
2307,Nollevaux
2308,Maissin
2309,Opont
2310,Framont
2311,Fays-Les-Veneurs
2312,Ebly
2313,Léglise
2314,Witry
2315,Mellier
2316,Assenois
2317,Arville
2318,Vesqueville
2319,Hatrival
2320,Saint-Hubert
2321,Awenne
2322,Mirwart
2323,Jehonville
2324,Cugnon
2325,Bertrix
2326,Auby-Sur-Semois
2327,Orgeo
2328,Saint-Médard
2329,Herbeumont
2330,Straimont
2331,Smuid
2332,Villance
2333,Anloy
2334,Libin
2335,Transinne
2336,Redu
2337,Ochamps
2338,On
2339,Humain
2340,Hargimont
2341,Marche-En-Famenne
2342,Roy
2343,Waha
2344,Aye
2345,Wellin
2346,Sohier
2347,Chanly
2348,Halma
2349,Lomprez
2350,Grupont
2351,Bure
2352,Tellin
2353,Resteigne
2354,Gembes
2355,Porcheresse
2356,Haut-Fays
2357,Daverdisse
2358,Durbuy
2359,Septon
2360,Wéris
2361,Barvaux-Sur-Ourthe
2362,Grandhan
2363,Heyd
2364,Izier
2365,Bomal-Sur-Ourthe
2366,Villers-Sainte-Gertrude
2367,Borlon
2368,Tohogne
2369,Bende
2370,Nassogne
2371,Harsin
2372,Bande
2373,Grune
2374,Masbourg
2375,Lesterny
2376,Ambly
2377,Forrières
2378,Harre
2379,Dochamps
2380,Odeigne
2381,Vaux-Chavanne
2382,Manhay
2383,Grandménil
2384,Malempré
2385,Tenneville
2386,Champlon
2387,Erneuville
2388,Beausaint
2389,La Roche-En-Ardenne
2390,Samrée
2391,Ortho
2392,Hives
2393,Halleux
2394,Hodister
2395,Marcourt
2396,Beffe
2397,Rendeux
2398,Marenne
2399,Hampteau
2400,Fronville
2401,Hotton
2402,Soy
2403,Mormont
2404,Erezée
2405,Amonines
2406,Namur
2407,Beez
2408,Belgrade
2409,Saint-Servais
2410,Saint-Marc
2411,Bouge
2412,Suarlée
2413,Temploux
2414,Malonne
2415,Champion
2416,Vedrin
2417,Flawinne
2418,Daussoulx
2419,Boninne
2420,Cognelée
2421,Gelbressée
2422,Marche-Les-Dames
2423,Grand-Manil
2424,Ernage
2425,Beuzet
2426,Gembloux
2427,Lonzée
2428,Sauvenière
2429,Grand-Leez
2430,Corroy-Le-Château
2431,Bothey
2432,Isnes
2433,Bossière
2434,Mazy
2435,Arsimont
2436,Moignelée
2437,Keumiée
2438,Auvelais
2439,Tamines
2440,Sambreville
2441,Falisolle
2442,Velaine-Sur-Sambre
2443,Sart-Eustache
2444,Fosses-La-Ville
2445,Le Roux
2446,Sart-Saint-Laurent
2447,Vitrival
2448,Aisemont
2449,Villers-Lez-Heest
2450,Warisoulx
2451,La Bruyère
2452,Emines
2453,Rhisnes
2454,Bovesse
2455,Meux
2456,Saint-Denis-Bovesse
2457,Wépion
2458,Naninne
2459,Jambes
2460,Dave
2461,Wierde
2462,Erpent
2463,Lives-Sur-Meuse
2464,Loyers
2465,Sombreffe
2466,Ligny
2467,Boignée
2468,Tongrinne
2469,Franière
2470,Floreffe
2471,Floriffoux
2472,Soye
2473,Lustin
2474,Profondeville
2475,Bois-De-Villers
2476,Rivière
2477,Lesve
2478,Arbre
2479,Balâtre
2480,Onoz
2481,Moustier-Sur-Sambre
2482,Jemeppe-Sur-Sambre
2483,Saint-Martin
2484,Mornimont
2485,Ham-Sur-Sambre
2486,Spy
2487,Landenne
2488,Coutisse
2489,Vezin
2490,Maizeret
2491,Thon
2492,Sclayn
2493,Seilles
2494,Namêche
2495,Andenne
2496,Bonneville
2497,Saint-Germain
2498,Leuze
2499,Noville-Sur-Mehaigne
2500,Taviers
2501,Mehaigne
2502,Upigny
2503,Eghezée
2504,Boneffe
2505,Dhuy
2506,Waret-La-Chaussée
2507,Liernu
2508,Hanret
2509,Branchon
2510,Bolinne
2511,Longchamps
2512,Aische-En-Refail
2513,Assesse
2514,Sart-Bernard
2515,Maillen
2516,Crupet
2517,Sorinne-La-Longue
2518,Florée
2519,Courrière
2520,Mozet
2521,Gesves
2522,Faulx-Les-Tombes
2523,Sorée
2524,Haltinne
2525,Evelette
2526,Ohey
2527,Haillot
2528,Perwez-Haillot
2529,Goesnes
2530,Jallet
2531,Hamois
2532,Natoye
2533,Scy
2534,Mohiville
2535,Achet
2536,Emptinne
2537,Schaltin
2538,Havelange
2539,Porcheresse
2540,Verlée
2541,Barvaux-Condroz
2542,Flostoy
2543,Jeneffe
2544,Méan
2545,Maffe
2546,Miécret
2547,Noiseux
2548,Hogne
2549,Baillonville
2550,Somme-Leuze
2551,Heure
2552,Nettinne
2553,Waillet
2554,Sinsin
2555,Bonsin
2556,Pontillas
2557,Marchovelette
2558,Bierwart
2559,Franc-Waret
2560,Hingeon
2561,Cortil-Wodon
2562,Forville
2563,Noville-Les-Bois
2564,Hemptinne
2565,Tillier
2566,Fernelmont
2567,Bouvignes-Sur-Meuse
2568,Falmignoul
2569,Furfooz
2570,Anseremme
2571,Dréhance
2572,Falmagne
2573,Dinant
2574,Lisogne
2575,Thynes
2576,Sorinnes
2577,Foy-Notre-Dame
2578,Onhaye
2579,Anthée
2580,Serville
2581,Falaën
2582,Sommière
2583,Weillen
2584,Gérin
2585,Godinne
2586,Purnode
2587,Durnal
2588,Dorinne
2589,Evrehailles
2590,Spontin
2591,Yvoir
2592,Mont
2593,Houx
2594,Sosoye
2595,Bioul
2596,Haut-Le-Wastia
2597,Denée
2598,Warnant
2599,Annevoie-Rouillon
2600,Anhée
2601,Hermeton-Sur-Meuse
2602,Hastière
2603,Hastière-Lavaux
2604,Waulsort
2605,Hastière-Par-Delà
2606,Blaimont
2607,Heer
2608,Agimont
2609,Bohan
2610,Vresse-Sur-Semois
2611,Chairière
2612,Pussemange
2613,Laforêt
2614,Bagimont
2615,Membre
2616,Sugny
2617,Alle
2618,Mouzaive
2619,Nafraiture
2620,Orchimont
2621,Petit-Fays
2622,Monceau-En-Ardenne
2623,Cornimont
2624,Bièvre
2625,Bellefontaine
2626,Graide
2627,Oizy
2628,Naomé
2629,Gros-Fays
2630,Baillamont
2631,Hulsonniaux
2632,Finnevaux
2633,Mesnil-Saint-Blaise
2634,Mesnil-Eglise
2635,Houyet
2636,Ciergnon
2637,Celles
2638,Custinne
2639,Hour
2640,Wanlin
2641,Feschaux
2642,Vonêche
2643,Dion
2644,Wancennes
2645,Javingue
2646,Winenne
2647,Felenne
2648,Honnay
2649,Beauraing
2650,Baronville
2651,Wiesme
2652,Focant
2653,Martouzin-Neuville
2654,Pondrôme
2655,Gedinne
2656,Houdremont
2657,Willerzie
2658,Rienne
2659,Bourseigne-Neuve
2660,Bourseigne-Vieille
2661,Sart-Custinne
2662,Louette-Saint-Pierre
2663,Vencimont
2664,Malvoisin
2665,Patignies
2666,Louette-Saint-Denis
2667,Froidfontaine
2668,Rochefort
2669,Mont-Gauthier
2670,Han-Sur-Lesse
2671,Eprave
2672,Lessive
2673,Wavreille
2674,Villers-Sur-Lesse
2675,Lavaux-Sainte-Anne
2676,Ave-Et-Auffe
2677,Jemelle
2678,Buissonville
2679,Braibant
2680,Haversin
2681,Conneux
2682,Pessoux
2683,Serinchamps
2684,Achêne
2685,Sovet
2686,Leignon
2687,Ciney
2688,Chevetogne
2689,Vodecée
2690,Franchimont
2691,Fagnolle
2692,Omezée
2693,Villers-En-Fagne
2694,Sart-En-Fagne
2695,Jamiolle
2696,Jamagne
2697,Samart
2698,Surice
2699,Sautour
2700,Roly
2701,Merlemont
2702,Philippeville
2703,Villers-Le-Gambon
2704,Romedenne
2705,Neuville
2706,Florennes
2707,Saint-Aubin
2708,Rosée
2709,Morville
2710,Corenne
2711,Hemptinne-Lez-Florennes
2712,Flavion
2713,Morialmé
2714,Hanzinne
2715,Thy-Le-Baudouin
2716,Hanzinelle
2717,Daussois
2718,Soumoy
2719,Silenrieux
2720,Senzeilles
2721,Villers-Deux-Eglises
2722,Cerfontaine
2723,Graux
2724,Biesme
2725,Saint-Gérard
2726,Mettet
2727,Biesmerée
2728,Oret
2729,Furnaux
2730,Ermeton-Sur-Biert
2731,Stave
2732,Fraire
2733,Castillon
2734,Fontenelle
2735,Yves-Gomezée
2736,Pry
2737,Clermont
2738,Chastrès
2739,Vogenée
2740,Walcourt
2741,Thy-Le-Château
2742,Somzée
2743,Berzée
2744,Rognée
2745,Tarcienne
2746,Gourdinne
2747,Laneffe
2748,Couvin
2749,Frasnes
2750,Aublain
2751,Pétigny
2752,Brûly
2753,Petite-Chapelle
2754,Mariembourg
2755,Gonrieux
2756,Pesche
2757,Dailly
2758,Presgaux
2759,Brûly-De-Pesche
2760,Cul-Des-Sarts
2761,Boussu-En-Fagne
2762,Le Mesnil
2763,Treignes
2764,Viroinval
2765,Vierves-Sur-Viroin
2766,Nismes
2767,Oignies-En-Thiérache
2768,Olloy-Sur-Viroin
2769,Mazée
2770,Dourbes
2771,Gochenée
2772,Doische
2773,Soulme
2774,Matagne-La-Petite
2775,Vaucelles
2776,Niverlée
2777,Romerée
2778,Vodelée
2779,Matagne-La-Grande
2780,Gimnée
,postal_code
0,1000
1,1020
2,1030
3,1040
4,1050
5,1060
6,1070
7,1080
8,1081
9,1082
10,1083
11,1090
12,1120
13,1130
14,1140
15,1150
16,1160
17,1170
18,1180
19,1190
20,1200
21,1210
22,2000
23,2018
24,2020
25,2030
26,2040
27,2040
28,2040
29,2040
30,2050
31,2060
32,2070
33,2070
34,2100
35,2110
36,2140
37,2150
38,2160
39,2170
40,2180
41,2200
42,2200
43,2200
44,2220
45,2220
46,2221
47,2222
48,2222
49,2223
50,2230
51,2230
52,2235
53,2235
54,2235
55,2240
56,2240
57,2240
58,2242
59,2243
60,2250
61,2260
62,2260
63,2260
64,2260
65,2270
66,2275
67,2275
68,2275
69,2275
70,2280
71,2288
72,2290
73,2300
74,2310
75,2320
76,2321
77,2322
78,2323
79,2328
80,2330
81,2340
82,2340
83,2350
84,2360
85,2370
86,2380
87,2381
88,2382
89,2387
90,2390
91,2390
92,2390
93,2400
94,2430
95,2430
96,2430
97,2431
98,2431
99,2440
100,2450
101,2460
102,2460
103,2460
104,2470
105,2480
106,2490
107,2491
108,2500
109,2500
110,2520
111,2520
112,2520
113,2520
114,2530
115,2531
116,2540
117,2547
118,2550
119,2550
120,2560
121,2560
122,2560
123,2570
124,2580
125,2580
126,2590
127,2590
128,2600
129,2610
130,2620
131,2627
132,2630
133,2640
134,2650
135,2660
136,2800
137,2800
138,2801
139,2811
140,2811
141,2812
142,2820
143,2820
144,2830
145,2830
146,2830
147,2830
148,2840
149,2840
150,2840
151,2845
152,2850
153,2860
154,2861
155,2870
156,2870
157,2870
158,2870
159,2870
160,2880
161,2880
162,2880
163,2880
164,2890
165,2890
166,2890
167,2900
168,2910
169,2920
170,2930
171,2940
172,2940
173,2950
174,2960
175,2960
176,2960
177,2970
178,2970
179,2980
180,2980
181,2990
182,2990
183,1500
184,1501
185,1502
186,1540
187,1540
188,1541
189,1547
190,1560
191,1570
192,1570
193,1570
194,1600
195,1600
196,1600
197,1601
198,1602
199,1620
200,1630
201,1640
202,1650
203,1651
204,1652
205,1653
206,1654
207,1670
208,1670
209,1670
210,1671
211,1673
212,1674
213,1700
214,1700
215,1700
216,1701
217,1702
218,1703
219,1730
220,1730
221,1730
222,1730
223,1731
224,1731
225,1740
226,1741
227,1742
228,1745
229,1745
230,1750
231,1750
232,1750
233,1750
234,1755
235,1755
236,1755
237,1755
238,1760
239,1760
240,1760
241,1760
242,1761
243,1770
244,1780
245,1785
246,1785
247,1785
248,1790
249,1790
250,1790
251,1790
252,1800
253,1800
254,1820
255,1820
256,1820
257,1830
258,1831
259,1840
260,1840
261,1840
262,1850
263,1851
264,1852
265,1853
266,1860
267,1861
268,1880
269,1880
270,1880
271,1910
272,1910
273,1910
274,1910
275,1930
276,1930
277,1932
278,1933
279,1950
280,1970
281,1980
282,1980
283,1981
284,1982
285,1982
286,3000
287,3001
288,3010
289,3012
290,3018
291,3020
292,3020
293,3020
294,3040
295,3040
296,3040
297,3040
298,3040
299,3050
300,3051
301,3052
302,3053
303,3054
304,3060
305,3060
306,3061
307,3070
308,3071
309,3078
310,3078
311,3080
312,3080
313,3080
314,3090
315,3110
316,3111
317,3118
318,3120
319,3128
320,3130
321,3130
322,3140
323,3150
324,3150
325,3150
326,3190
327,3191
328,3200
329,3200
330,3201
331,3202
332,3210
333,3210
334,3211
335,3212
336,3220
337,3220
338,3220
339,3221
340,3270
341,3270
342,3271
343,3271
344,3272
345,3272
346,3290
347,3290
348,3290
349,3290
350,3293
351,3294
352,3300
353,3300
354,3300
355,3300
356,3300
357,3300
358,3300
359,3300
360,3300
361,3320
362,3320
363,3321
364,3350
365,3350
366,3350
367,3350
368,3350
369,3350
370,3350
371,3350
372,3360
373,3360
374,3360
375,3360
376,3370
377,3370
378,3370
379,3370
380,3370
381,3370
382,3380
383,3380
384,3381
385,3384
386,3390
387,3390
388,3390
389,3390
390,3391
391,3400
392,3400
393,3400
394,3400
395,3400
396,3400
397,3400
398,3400
399,3401
400,3401
401,3401
402,3401
403,3404
404,3404
405,3440
406,3440
407,3440
408,3440
409,3440
410,3450
411,3450
412,3454
413,3460
414,3460
415,3461
416,3470
417,3470
418,3470
419,3471
420,3472
421,3473
422,3500
423,3500
424,3501
425,3510
426,3510
427,3511
428,3511
429,3512
430,3520
431,3530
432,3530
433,3530
434,3540
435,3540
436,3540
437,3540
438,3545
439,3545
440,3545
441,3550
442,3550
443,3550
444,3560
445,3560
446,3560
447,3570
448,3580
449,3581
450,3582
451,3583
452,3590
453,3600
454,3620
455,3620
456,3620
457,3620
458,3621
459,3630
460,3630
461,3630
462,3630
463,3630
464,3630
465,3630
466,3631
467,3631
468,3640
469,3640
470,3640
471,3640
472,3650
473,3650
474,3650
475,3650
476,3650
477,3650
478,3660
479,3665
480,3668
481,3670
482,3670
483,3670
484,3670
485,3670
486,3670
487,3680
488,3680
489,3680
490,3690
491,3700
492,3700
493,3700
494,3700
495,3700
496,3700
497,3700
498,3700
499,3700
500,3700
501,3700
502,3700
503,3700
504,3700
505,3700
506,3700
507,3700
508,3700
509,3700
510,3717
511,3720
512,3721
513,3722
514,3723
515,3724
516,3730
517,3730
518,3730
519,3730
520,3732
521,3740
522,3740
523,3740
524,3740
525,3740
526,3740
527,3740
528,3740
529,3740
530,3740
531,3740
532,3742
533,3746
534,3770
535,3770
536,3770
537,3770
538,3770
539,3770
540,3770
541,3770
542,3770
543,3770
544,3790
545,3790
546,3790
547,3791
548,3792
549,3793
550,3798
551,3800
552,3800
553,3800
554,3800
555,3800
556,3800
557,3800
558,3800
559,3800
560,3800
561,3803
562,3803
563,3803
564,3803
565,3806
566,3830
567,3830
568,3831
569,3832
570,3840
571,3840
572,3840
573,3840
574,3840
575,3840
576,3840
577,3840
578,3840
579,3840
580,3840
581,3840
582,3840
583,3840
584,3840
585,3850
586,3850
587,3850
588,3850
589,3870
590,3870
591,3870
592,3870
593,3870
594,3870
595,3870
596,3870
597,3870
598,3870
599,3870
600,3870
601,3870
602,3890
603,3890
604,3890
605,3890
606,3890
607,3890
608,3890
609,3891
610,3891
611,3891
612,3891
613,3900
614,3900
615,3910
616,3910
617,3920
618,3930
619,3930
620,3930
621,3940
622,3940
623,3941
624,3945
625,3945
626,3945
627,3950
628,3950
629,3950
630,3960
631,3960
632,3960
633,3960
634,3960
635,3970
636,3971
637,3980
638,3990
639,3990
640,3990
641,3990
642,9000
643,9030
644,9031
645,9032
646,9040
647,9041
648,9042
649,9042
650,9042
651,9050
652,9050
653,9051
654,9051
655,9052
656,9060
657,9070
658,9070
659,9080
660,9080
661,9080
662,9080
663,9090
664,9090
665,9100
666,9100
667,9111
668,9112
669,9120
670,9120
671,9120
672,9120
673,9120
674,9130
675,9130
676,9130
677,9130
678,9140
679,9140
680,9140
681,9140
682,9150
683,9150
684,9150
685,9160
686,9160
687,9160
688,9170
689,9170
690,9170
691,9170
692,9180
693,9185
694,9190
695,9190
696,9200
697,9200
698,9200
699,9200
700,9200
701,9200
702,9200
703,9200
704,9220
705,9220
706,9230
707,9230
708,9230
709,9240
710,9250
711,9255
712,9255
713,9260
714,9260
715,9260
716,9270
717,9270
718,9280
719,9280
720,9280
721,9290
722,9290
723,9290
724,9300
725,9308
726,9308
727,9310
728,9310
729,9310
730,9310
731,9320
732,9320
733,9340
734,9340
735,9340
736,9340
737,9340
738,9400
739,9400
740,9400
741,9400
742,9400
743,9400
744,9400
745,9401
746,9402
747,9403
748,9404
749,9406
750,9420
751,9420
752,9420
753,9420
754,9420
755,9420
756,9420
757,9420
758,9420
759,9450
760,9450
761,9450
762,9451
763,9470
764,9472
765,9473
766,9500
767,9500
768,9500
769,9500
770,9500
771,9500
772,9500
773,9500
774,9500
775,9506
776,9506
777,9506
778,9506
779,9506
780,9506
781,9506
782,9520
783,9520
784,9520
785,9520
786,9520
787,9521
788,9550
789,9550
790,9550
791,9550
792,9550
793,9550
794,9551
795,9552
796,9570
797,9570
798,9570
799,9571
800,9572
801,9600
802,9620
803,9620
804,9620
805,9620
806,9620
807,9620
808,9620
809,9620
810,9620
811,9620
812,9620
813,9630
814,9630
815,9630
816,9630
817,9630
818,9630
819,9630
820,9630
821,9630
822,9630
823,9630
824,9630
825,9636
826,9660
827,9660
828,9660
829,9660
830,9660
831,9660
832,9660
833,9660
834,9661
835,9667
836,9667
837,9667
838,9680
839,9680
840,9680
841,9681
842,9688
843,9690
844,9690
845,9690
846,9690
847,9690
848,9700
849,9700
850,9700
851,9700
852,9700
853,9700
854,9700
855,9700
856,9700
857,9700
858,9700
859,9700
860,9700
861,9700
862,9750
863,9750
864,9750
865,9770
866,9770
867,9771
868,9772
869,9790
870,9790
871,9790
872,9790
873,9790
874,9790
875,9800
876,9800
877,9800
878,9800
879,9800
880,9800
881,9800
882,9800
883,9800
884,9800
885,9800
886,9810
887,9810
888,9820
889,9820
890,9820
891,9820
892,9820
893,9820
894,9830
895,9831
896,9840
897,9840
898,9850
899,9850
900,9850
901,9850
902,9850
903,9850
904,9860
905,9860
906,9860
907,9860
908,9860
909,9860
910,9870
911,9870
912,9870
913,9880
914,9880
915,9880
916,9881
917,9890
918,9890
919,9890
920,9890
921,9890
922,9890
923,9900
924,9910
925,9910
926,9920
927,9921
928,9930
929,9930
930,9931
931,9932
932,9940
933,9940
934,9940
935,9940
936,9950
937,9960
938,9961
939,9968
940,9968
941,9970
942,9971
943,9980
944,9981
945,9982
946,9988
947,9988
948,9990
949,9991
950,9992
951,8000
952,8000
953,8020
954,8020
955,8020
956,8020
957,8200
958,8200
959,8210
960,8210
961,8210
962,8211
963,8300
964,8300
965,8300
966,8301
967,8301
968,8310
969,8310
970,8340
971,8340
972,8340
973,8340
974,8340
975,8340
976,8370
977,8370
978,8377
979,8377
980,8377
981,8377
982,8380
983,8380
984,8380
985,8400
986,8400
987,8400
988,8420
989,8420
990,8420
991,8421
992,8430
993,8431
994,8432
995,8433
996,8433
997,8433
998,8433
999,8434
1000,8434
1001,8450
1002,8460
1003,8460
1004,8460
1005,8460
1006,8470
1007,8470
1008,8470
1009,8470
1010,8480
1011,8480
1012,8480
1013,8490
1014,8490
1015,8490
1016,8490
1017,8490
1018,8500
1019,8501
1020,8501
1021,8510
1022,8510
1023,8510
1024,8510
1025,8511
1026,8520
1027,8530
1028,8531
1029,8531
1030,8540
1031,8550
1032,8551
1033,8552
1034,8553
1035,8554
1036,8560
1037,8560
1038,8560
1039,8570
1040,8570
1041,8570
1042,8570
1043,8572
1044,8573
1045,8580
1046,8581
1047,8581
1048,8582
1049,8583
1050,8587
1051,8587
1052,8587
1053,8600
1054,8600
1055,8600
1056,8600
1057,8600
1058,8600
1059,8600
1060,8600
1061,8600
1062,8600
1063,8600
1064,8600
1065,8600
1066,8600
1067,8600
1068,8600
1069,8610
1070,8610
1071,8610
1072,8610
1073,8620
1074,8620
1075,8620
1076,8630
1077,8630
1078,8630
1079,8630
1080,8630
1081,8630
1082,8630
1083,8630
1084,8630
1085,8630
1086,8630
1087,8640
1088,8640
1089,8640
1090,8640
1091,8647
1092,8647
1093,8647
1094,8647
1095,8647
1096,8650
1097,8650
1098,8650
1099,8660
1100,8660
1101,8670
1102,8670
1103,8670
1104,8680
1105,8680
1106,8680
1107,8690
1108,8690
1109,8690
1110,8690
1111,8691
1112,8691
1113,8691
1114,8691
1115,8691
1116,8700
1117,8700
1118,8700
1119,8700
1120,8710
1121,8710
1122,8710
1123,8720
1124,8720
1125,8720
1126,8720
1127,8730
1128,8730
1129,8730
1130,8740
1131,8740
1132,8750
1133,8750
1134,8755
1135,8760
1136,8770
1137,8780
1138,8790
1139,8791
1140,8792
1141,8793
1142,8800
1143,8800
1144,8800
1145,8800
1146,8810
1147,8820
1148,8830
1149,8830
1150,8840
1151,8840
1152,8840
1153,8850
1154,8851
1155,8860
1156,8870
1157,8870
1158,8870
1159,8880
1160,8880
1161,8880
1162,8890
1163,8890
1164,8900
1165,8900
1166,8900
1167,8900
1168,8902
1169,8902
1170,8902
1171,8904
1172,8904
1173,8906
1174,8908
1175,8920
1176,8920
1177,8920
1178,8920
1179,8930
1180,8930
1181,8930
1182,8940
1183,8940
1184,8950
1185,8950
1186,8951
1187,8952
1188,8953
1189,8954
1190,8956
1191,8957
1192,8958
1193,8970
1194,8970
1195,8972
1196,8972
1197,8972
1198,8978
1199,8980
1200,8980
1201,8980
1202,8980
1203,8980
1204,1300
1205,1300
1206,1301
1207,1310
1208,1315
1209,1315
1210,1315
1211,1315
1212,1315
1213,1320
1214,1320
1215,1320
1216,1320
1217,1320
1218,1325
1219,1325
1220,1325
1221,1325
1222,1325
1223,1330
1224,1331
1225,1332
1226,1340
1227,1340
1228,1341
1229,1342
1230,1348
1231,1350
1232,1350
1233,1350
1234,1350
1235,1350
1236,1350
1237,1350
1238,1350
1239,1357
1240,1357
1241,1357
1242,1357
1243,1360
1244,1360
1245,1360
1246,1360
1247,1360
1248,1367
1249,1367
1250,1367
1251,1367
1252,1367
1253,1367
1254,1367
1255,1367
1256,1370
1257,1370
1258,1370
1259,1370
1260,1370
1261,1370
1262,1370
1263,1370
1264,1370
1265,1370
1266,1380
1267,1380
1268,1380
1269,1380
1270,1380
1271,1380
1272,1390
1273,1390
1274,1390
1275,1390
1276,1390
1277,1400
1278,1400
1279,1401
1280,1402
1281,1404
1282,1410
1283,1420
1284,1421
1285,1428
1286,1430
1287,1430
1288,1430
1289,1430
1290,1435
1291,1435
1292,1435
1293,1440
1294,1440
1295,1450
1296,1450
1297,1450
1298,1450
1299,1450
1300,1457
1301,1457
1302,1457
1303,1457
1304,1460
1305,1460
1306,1461
1307,1470
1308,1470
1309,1470
1310,1471
1311,1472
1312,1473
1313,1474
1314,1476
1315,1480
1316,1480
1317,1480
1318,1480
1319,1490
1320,1495
1321,1495
1322,1495
1323,1495
1324,1495
1325,6000
1326,6001
1327,6010
1328,6020
1329,6030
1330,6030
1331,6031
1332,6032
1333,6040
1334,6041
1335,6042
1336,6043
1337,6044
1338,6060
1339,6061
1340,6110
1341,6111
1342,6120
1343,6120
1344,6120
1345,6120
1346,6120
1347,6140
1348,6141
1349,6142
1350,6150
1351,6180
1352,6181
1353,6182
1354,6183
1355,6200
1356,6200
1357,6200
1358,6210
1359,6210
1360,6210
1361,6210
1362,6210
1363,6211
1364,6220
1365,6220
1366,6220
1367,6220
1368,6221
1369,6222
1370,6223
1371,6224
1372,6230
1373,6230
1374,6230
1375,6230
1376,6230
1377,6238
1378,6238
1379,6240
1380,6240
1381,6250
1382,6250
1383,6250
1384,6250
1385,6250
1386,6280
1387,6280
1388,6280
1389,6280
1390,6280
1391,6280
1392,6440
1393,6440
1394,6440
1395,6440
1396,6441
1397,6460
1398,6460
1399,6460
1400,6460
1401,6460
1402,6460
1403,6461
1404,6462
1405,6463
1406,6464
1407,6464
1408,6464
1409,6464
1410,6464
1411,6470
1412,6470
1413,6470
1414,6470
1415,6470
1416,6470
1417,6500
1418,6500
1419,6500
1420,6500
1421,6500
1422,6500
1423,6500
1424,6511
1425,6530
1426,6530
1427,6531
1428,6532
1429,6533
1430,6534
1431,6536
1432,6536
1433,6540
1434,6540
1435,6542
1436,6543
1437,6560
1438,6560
1439,6560
1440,6560
1441,6560
1442,6560
1443,6567
1444,6567
1445,6567
1446,6567
1447,6590
1448,6591
1449,6592
1450,6593
1451,6594
1452,6596
1453,6596
1454,7000
1455,7011
1456,7012
1457,7012
1458,7020
1459,7020
1460,7021
1461,7022
1462,7022
1463,7022
1464,7022
1465,7022
1466,7024
1467,7030
1468,7031
1469,7032
1470,7033
1471,7034
1472,7034
1473,7040
1474,7040
1475,7040
1476,7040
1477,7040
1478,7040
1479,7040
1480,7040
1481,7040
1482,7041
1483,7041
1484,7050
1485,7050
1486,7050
1487,7050
1488,7050
1489,7050
1490,7060
1491,7060
1492,7061
1493,7061
1494,7062
1495,7063
1496,7063
1497,7070
1498,7070
1499,7070
1500,7070
1501,7070
1502,7080
1503,7080
1504,7080
1505,7080
1506,7080
1507,7090
1508,7090
1509,7090
1510,7090
1511,7090
1512,7090
1513,7100
1514,7100
1515,7100
1516,7100
1517,7100
1518,7110
1519,7110
1520,7110
1521,7110
1522,7110
1523,7120
1524,7120
1525,7120
1526,7120
1527,7120
1528,7120
1529,7120
1530,7120
1531,7120
1532,7120
1533,7130
1534,7130
1535,7130
1536,7131
1537,7133
1538,7134
1539,7134
1540,7134
1541,7134
1542,7140
1543,7140
1544,7141
1545,7141
1546,7160
1547,7160
1548,7160
1549,7170
1550,7170
1551,7170
1552,7170
1553,7170
1554,7180
1555,7181
1556,7181
1557,7181
1558,7181
1559,7190
1560,7190
1561,7190
1562,7191
1563,7300
1564,7301
1565,7320
1566,7321
1567,7321
1568,7322
1569,7322
1570,7330
1571,7331
1572,7332
1573,7332
1574,7333
1575,7334
1576,7334
1577,7340
1578,7340
1579,7340
1580,7340
1581,7350
1582,7350
1583,7350
1584,7350
1585,7370
1586,7370
1587,7370
1588,7370
1589,7380
1590,7380
1591,7382
1592,7387
1593,7387
1594,7387
1595,7387
1596,7387
1597,7387
1598,7387
1599,7387
1600,7387
1601,7387
1602,7387
1603,7390
1604,7390
1605,7500
1606,7500
1607,7500
1608,7501
1609,7502
1610,7503
1611,7504
1612,7506
1613,7520
1614,7520
1615,7521
1616,7522
1617,7522
1618,7522
1619,7522
1620,7530
1621,7531
1622,7532
1623,7533
1624,7534
1625,7534
1626,7536
1627,7538
1628,7540
1629,7540
1630,7540
1631,7540
1632,7542
1633,7543
1634,7548
1635,7600
1636,7601
1637,7602
1638,7603
1639,7604
1640,7604
1641,7604
1642,7604
1643,7604
1644,7608
1645,7610
1646,7611
1647,7618
1648,7620
1649,7620
1650,7620
1651,7620
1652,7620
1653,7620
1654,7621
1655,7622
1656,7623
1657,7624
1658,7640
1659,7640
1660,7640
1661,7641
1662,7642
1663,7643
1664,7700
1665,7700
1666,7711
1667,7712
1668,7730
1669,7730
1670,7730
1671,7730
1672,7730
1673,7730
1674,7730
1675,7740
1676,7740
1677,7742
1678,7743
1679,7743
1680,7750
1681,7750
1682,7750
1683,7750
1684,7750
1685,7760
1686,7760
1687,7760
1688,7760
1689,7760
1690,7760
1691,7780
1692,7780
1693,7781
1694,7782
1695,7783
1696,7784
1697,7784
1698,7800
1699,7800
1700,7801
1701,7802
1702,7803
1703,7804
1704,7804
1705,7810
1706,7811
1707,7812
1708,7812
1709,7812
1710,7812
1711,7812
1712,7812
1713,7822
1714,7822
1715,7822
1716,7823
1717,7830
1718,7830
1719,7830
1720,7830
1721,7830
1722,7830
1723,7830
1724,7830
1725,7850
1726,7850
1727,7850
1728,7860
1729,7861
1730,7861
1731,7862
1732,7863
1733,7864
1734,7866
1735,7866
1736,7870
1737,7870
1738,7870
1739,7870
1740,7870
1741,7880
1742,7890
1743,7890
1744,7890
1745,7900
1746,7900
1747,7901
1748,7903
1749,7903
1750,7903
1751,7904
1752,7904
1753,7904
1754,7906
1755,7910
1756,7910
1757,7910
1758,7910
1759,7910
1760,7910
1761,7910
1762,7910
1763,7911
1764,7911
1765,7911
1766,7911
1767,7911
1768,7911
1769,7911
1770,7912
1771,7912
1772,7940
1773,7940
1774,7941
1775,7942
1776,7943
1777,7950
1778,7950
1779,7950
1780,7950
1781,7950
1782,7951
1783,7970
1784,7971
1785,7971
1786,7971
1787,7971
1788,7972
1789,7972
1790,7972
1791,7973
1792,7973
1793,4000
1794,4000
1795,4000
1796,4020
1797,4020
1798,4020
1799,4020
1800,4030
1801,4031
1802,4032
1803,4040
1804,4041
1805,4041
1806,4042
1807,4050
1808,4051
1809,4052
1810,4053
1811,4100
1812,4100
1813,4101
1814,4102
1815,4120
1816,4120
1817,4120
1818,4121
1819,4122
1820,4130
1821,4130
1822,4140
1823,4140
1824,4140
1825,4140
1826,4141
1827,4160
1828,4161
1829,4162
1830,4163
1831,4170
1832,4171
1833,4180
1834,4180
1835,4180
1836,4181
1837,4190
1838,4190
1839,4190
1840,4190
1841,4190
1842,4210
1843,4210
1844,4210
1845,4210
1846,4210
1847,4217
1848,4217
1849,4217
1850,4218
1851,4219
1852,4219
1853,4219
1854,4219
1855,4250
1856,4250
1857,4250
1858,4250
1859,4252
1860,4253
1861,4254
1862,4257
1863,4257
1864,4257
1865,4260
1866,4260
1867,4260
1868,4260
1869,4260
1870,4260
1871,4261
1872,4263
1873,4280
1874,4280
1875,4280
1876,4280
1877,4280
1878,4280
1879,4280
1880,4280
1881,4280
1882,4280
1883,4280
1884,4280
1885,4280
1886,4280
1887,4280
1888,4280
1889,4280
1890,4280
1891,4287
1892,4287
1893,4287
1894,4300
1895,4300
1896,4300
1897,4300
1898,4300
1899,4300
1900,4300
1901,4317
1902,4317
1903,4317
1904,4317
1905,4317
1906,4317
1907,4340
1908,4340
1909,4340
1910,4340
1911,4342
1912,4347
1913,4347
1914,4347
1915,4347
1916,4347
1917,4350
1918,4350
1919,4350
1920,4350
1921,4351
1922,4357
1923,4357
1924,4357
1925,4357
1926,4360
1927,4360
1928,4360
1929,4360
1930,4360
1931,4367
1932,4367
1933,4367
1934,4367
1935,4367
1936,4400
1937,4400
1938,4400
1939,4400
1940,4400
1941,4400
1942,4400
1943,4400
1944,4420
1945,4420
1946,4420
1947,4430
1948,4431
1949,4432
1950,4432
1951,4450
1952,4450
1953,4450
1954,4451
1955,4452
1956,4452
1957,4453
1958,4458
1959,4460
1960,4460
1961,4460
1962,4460
1963,4460
1964,4460
1965,4470
1966,4480
1967,4480
1968,4480
1969,4480
1970,4500
1971,4500
1972,4500
1973,4520
1974,4520
1975,4520
1976,4520
1977,4520
1978,4520
1979,4530
1980,4530
1981,4530
1982,4530
1983,4530
1984,4537
1985,4537
1986,4537
1987,4537
1988,4540
1989,4540
1990,4540
1991,4540
1992,4540
1993,4550
1994,4550
1995,4550
1996,4550
1997,4557
1998,4557
1999,4557
2000,4557
2001,4557
2002,4557
2003,4560
2004,4560
2005,4560
2006,4560
2007,4560
2008,4560
2009,4570
2010,4570
2011,4577
2012,4577
2013,4577
2014,4577
2015,4590
2016,4590
2017,4590
2018,4600
2019,4600
2020,4600
2021,4600
2022,4601
2023,4602
2024,4606
2025,4607
2026,4607
2027,4607
2028,4607
2029,4607
2030,4608
2031,4608
2032,4610
2033,4610
2034,4610
2035,4620
2036,4621
2037,4623
2038,4624
2039,4630
2040,4630
2041,4630
2042,4630
2043,4631
2044,4632
2045,4633
2046,4650
2047,4650
2048,4650
2049,4650
2050,4651
2051,4652
2052,4653
2053,4654
2054,4670
2055,4670
2056,4670
2057,4671
2058,4671
2059,4671
2060,4672
2061,4680
2062,4680
2063,4681
2064,4682
2065,4682
2066,4683
2067,4684
2068,4690
2069,4690
2070,4690
2071,4690
2072,4690
2073,4690
2074,4700
2075,4701
2076,4710
2077,4711
2078,4720
2079,4721
2080,4728
2081,4730
2082,4730
2083,4731
2084,4750
2085,4750
2086,4760
2087,4760
2088,4761
2089,4770
2090,4770
2091,4771
2092,4780
2093,4780
2094,4782
2095,4783
2096,4784
2097,4790
2098,4790
2099,4791
2100,4800
2101,4800
2102,4800
2103,4800
2104,4800
2105,4801
2106,4802
2107,4820
2108,4821
2109,4830
2110,4831
2111,4834
2112,4837
2113,4837
2114,4840
2115,4841
2116,4845
2117,4845
2118,4850
2119,4850
2120,4850
2121,4851
2122,4851
2123,4852
2124,4860
2125,4860
2126,4860
2127,4861
2128,4870
2129,4870
2130,4870
2131,4870
2132,4877
2133,4880
2134,4890
2135,4890
2136,4890
2137,4900
2138,4910
2139,4910
2140,4910
2141,4920
2142,4920
2143,4920
2144,4920
2145,4920
2146,4950
2147,4950
2148,4950
2149,4950
2150,4960
2151,4960
2152,4960
2153,4970
2154,4970
2155,4980
2156,4980
2157,4980
2158,4983
2159,4987
2160,4987
2161,4987
2162,4987
2163,4987
2164,4990
2165,4990
2166,4990
2167,6600
2168,6600
2169,6600
2170,6600
2171,6600
2172,6630
2173,6637
2174,6637
2175,6637
2176,6640
2177,6640
2178,6640
2179,6640
2180,6640
2181,6640
2182,6642
2183,6660
2184,6660
2185,6661
2186,6661
2187,6662
2188,6663
2189,6666
2190,6670
2191,6670
2192,6671
2193,6672
2194,6673
2195,6674
2196,6680
2197,6680
2198,6680
2199,6681
2200,6686
2201,6687
2202,6688
2203,6690
2204,6690
2205,6692
2206,6698
2207,6700
2208,6700
2209,6700
2210,6700
2211,6704
2212,6706
2213,6717
2214,6717
2215,6717
2216,6717
2217,6717
2218,6720
2219,6720
2220,6720
2221,6721
2222,6723
2223,6724
2224,6724
2225,6730
2226,6730
2227,6730
2228,6730
2229,6740
2230,6740
2231,6740
2232,6741
2233,6742
2234,6743
2235,6747
2236,6747
2237,6747
2238,6750
2239,6750
2240,6750
2241,6760
2242,6760
2243,6760
2244,6760
2245,6761
2246,6762
2247,6767
2248,6767
2249,6767
2250,6767
2251,6767
2252,6769
2253,6769
2254,6769
2255,6769
2256,6769
2257,6780
2258,6780
2259,6780
2260,6781
2261,6782
2262,6790
2263,6791
2264,6792
2265,6792
2266,6800
2267,6800
2268,6800
2269,6800
2270,6800
2271,6800
2272,6800
2273,6800
2274,6810
2275,6810
2276,6810
2277,6811
2278,6812
2279,6813
2280,6820
2281,6820
2282,6820
2283,6820
2284,6821
2285,6823
2286,6824
2287,6830
2288,6830
2289,6830
2290,6830
2291,6831
2292,6832
2293,6833
2294,6833
2295,6834
2296,6836
2297,6838
2298,6840
2299,6840
2300,6840
2301,6840
2302,6840
2303,6840
2304,6850
2305,6850
2306,6850
2307,6851
2308,6852
2309,6852
2310,6853
2311,6856
2312,6860
2313,6860
2314,6860
2315,6860
2316,6860
2317,6870
2318,6870
2319,6870
2320,6870
2321,6870
2322,6870
2323,6880
2324,6880
2325,6880
2326,6880
2327,6880
2328,6887
2329,6887
2330,6887
2331,6890
2332,6890
2333,6890
2334,6890
2335,6890
2336,6890
2337,6890
2338,6900
2339,6900
2340,6900
2341,6900
2342,6900
2343,6900
2344,6900
2345,6920
2346,6920
2347,6921
2348,6922
2349,6924
2350,6927
2351,6927
2352,6927
2353,6927
2354,6929
2355,6929
2356,6929
2357,6929
2358,6940
2359,6940
2360,6940
2361,6940
2362,6940
2363,6941
2364,6941
2365,6941
2366,6941
2367,6941
2368,6941
2369,6941
2370,6950
2371,6950
2372,6951
2373,6952
2374,6953
2375,6953
2376,6953
2377,6953
2378,6960
2379,6960
2380,6960
2381,6960
2382,6960
2383,6960
2384,6960
2385,6970
2386,6971
2387,6972
2388,6980
2389,6980
2390,6982
2391,6983
2392,6984
2393,6986
2394,6987
2395,6987
2396,6987
2397,6987
2398,6990
2399,6990
2400,6990
2401,6990
2402,6997
2403,6997
2404,6997
2405,6997
2406,5000
2407,5000
2408,5001
2409,5002
2410,5003
2411,5004
2412,5020
2413,5020
2414,5020
2415,5020
2416,5020
2417,5020
2418,5020
2419,5021
2420,5022
2421,5024
2422,5024
2423,5030
2424,5030
2425,5030
2426,5030
2427,5030
2428,5030
2429,5031
2430,5032
2431,5032
2432,5032
2433,5032
2434,5032
2435,5060
2436,5060
2437,5060
2438,5060
2439,5060
2440,5060
2441,5060
2442,5060
2443,5070
2444,5070
2445,5070
2446,5070
2447,5070
2448,5070
2449,5080
2450,5080
2451,5080
2452,5080
2453,5080
2454,5081
2455,5081
2456,5081
2457,5100
2458,5100
2459,5100
2460,5100
2461,5100
2462,5101
2463,5101
2464,5101
2465,5140
2466,5140
2467,5140
2468,5140
2469,5150
2470,5150
2471,5150
2472,5150
2473,5170
2474,5170
2475,5170
2476,5170
2477,5170
2478,5170
2479,5190
2480,5190
2481,5190
2482,5190
2483,5190
2484,5190
2485,5190
2486,5190
2487,5300
2488,5300
2489,5300
2490,5300
2491,5300
2492,5300
2493,5300
2494,5300
2495,5300
2496,5300
2497,5310
2498,5310
2499,5310
2500,5310
2501,5310
2502,5310
2503,5310
2504,5310
2505,5310
2506,5310
2507,5310
2508,5310
2509,5310
2510,5310
2511,5310
2512,5310
2513,5330
2514,5330
2515,5330
2516,5332
2517,5333
2518,5334
2519,5336
2520,5340
2521,5340
2522,5340
2523,5340
2524,5340
2525,5350
2526,5350
2527,5351
2528,5352
2529,5353
2530,5354
2531,5360
2532,5360
2533,5361
2534,5361
2535,5362
2536,5363
2537,5364
2538,5370
2539,5370
2540,5370
2541,5370
2542,5370
2543,5370
2544,5372
2545,5374
2546,5376
2547,5377
2548,5377
2549,5377
2550,5377
2551,5377
2552,5377
2553,5377
2554,5377
2555,5377
2556,5380
2557,5380
2558,5380
2559,5380
2560,5380
2561,5380
2562,5380
2563,5380
2564,5380
2565,5380
2566,5380
2567,5500
2568,5500
2569,5500
2570,5500
2571,5500
2572,5500
2573,5500
2574,5501
2575,5502
2576,5503
2577,5504
2578,5520
2579,5520
2580,5521
2581,5522
2582,5523
2583,5523
2584,5524
2585,5530
2586,5530
2587,5530
2588,5530
2589,5530
2590,5530
2591,5530
2592,5530
2593,5530
2594,5537
2595,5537
2596,5537
2597,5537
2598,5537
2599,5537
2600,5537
2601,5540
2602,5540
2603,5540
2604,5540
2605,5541
2606,5542
2607,5543
2608,5544
2609,5550
2610,5550
2611,5550
2612,5550
2613,5550
2614,5550
2615,5550
2616,5550
2617,5550
2618,5550
2619,5550
2620,5550
2621,5555
2622,5555
2623,5555
2624,5555
2625,5555
2626,5555
2627,5555
2628,5555
2629,5555
2630,5555
2631,5560
2632,5560
2633,5560
2634,5560
2635,5560
2636,5560
2637,5561
2638,5562
2639,5563
2640,5564
2641,5570
2642,5570
2643,5570
2644,5570
2645,5570
2646,5570
2647,5570
2648,5570
2649,5570
2650,5570
2651,5571
2652,5572
2653,5573
2654,5574
2655,5575
2656,5575
2657,5575
2658,5575
2659,5575
2660,5575
2661,5575
2662,5575
2663,5575
2664,5575
2665,5575
2666,5575
2667,5576
2668,5580
2669,5580
2670,5580
2671,5580
2672,5580
2673,5580
2674,5580
2675,5580
2676,5580
2677,5580
2678,5580
2679,5590
2680,5590
2681,5590
2682,5590
2683,5590
2684,5590
2685,5590
2686,5590
2687,5590
2688,5590
2689,5600
2690,5600
2691,5600
2692,5600
2693,5600
2694,5600
2695,5600
2696,5600
2697,5600
2698,5600
2699,5600
2700,5600
2701,5600
2702,5600
2703,5600
2704,5600
2705,5600
2706,5620
2707,5620
2708,5620
2709,5620
2710,5620
2711,5620
2712,5620
2713,5621
2714,5621
2715,5621
2716,5621
2717,5630
2718,5630
2719,5630
2720,5630
2721,5630
2722,5630
2723,5640
2724,5640
2725,5640
2726,5640
2727,5640
2728,5640
2729,5641
2730,5644
2731,5646
2732,5650
2733,5650
2734,5650
2735,5650
2736,5650
2737,5650
2738,5650
2739,5650
2740,5650
2741,5651
2742,5651
2743,5651
2744,5651
2745,5651
2746,5651
2747,5651
2748,5660
2749,5660
2750,5660
2751,5660
2752,5660
2753,5660
2754,5660
2755,5660
2756,5660
2757,5660
2758,5660
2759,5660
2760,5660
2761,5660
2762,5670
2763,5670
2764,5670
2765,5670
2766,5670
2767,5670
2768,5670
2769,5670
2770,5670
2771,5680
2772,5680
2773,5680
2774,5680
2775,5680
2776,5680
2777,5680
2778,5680
2779,5680
2780,5680
